title,length,e_value,query,match,subject
"ref|NP_001356715.1| GTPase KRas isoform a [Homo sapiens] >ref|NP_203524.1| GTPase KRas isoform a [Homo sapiens] >ref|XP_003313842.1| GTPase KRas isoform X1 [Pan troglodytes] >ref|XP_004592683.1| GTPase KRas isoform X1 [Ochotona princeps] >ref|XP_004634620.1| GTPase KRas isoform X1 [Octodon degus] >ref|XP_005379157.1| PREDICTED: GTPase KRas [Chinchilla lanigera] >ref|XP_005570435.1| GTPase KRas isoform X1 [Macaca fascicularis] >ref|XP_005570436.1| GTPase KRas isoform X1 [Macaca fascicularis] >ref|XP_005653208.1| GTPase KRas isoform X1 [Sus scrofa] >ref|XP_007966152.1| GTPase KRas isoform X1 [Chlorocebus sabaeus] >ref|XP_007966153.1| GTPase KRas isoform X1 [Chlorocebus sabaeus] >ref|XP_009423991.1| GTPase KRas isoform X1 [Pan troglodytes] >ref|XP_011913652.1| PREDICTED: GTPase KRas isoform X1 [Cercocebus atys] >ref|XP_011913653.1| PREDICTED: GTPase KRas isoform X1 [Cercocebus atys] >ref|XP_012312582.1| GTPase KRas isoform X1 [Aotus nancymaae] >ref|XP_012312583.1| GTPase KRas isoform X1 [Aotus nancymaae] >ref|XP_012312584.1| GTPase KRas isoform X1 [Aotus nancymaae] >ref|XP_012312587.1| GTPase KRas isoform X1 [Aotus nancymaae] >ref|XP_012928011.1| GTPase KRas isoform X1 [Heterocephalus glaber] >ref|XP_012928012.1| GTPase KRas isoform X1 [Heterocephalus glaber] >ref|XP_013008519.1| GTPase KRas isoform X1 [Cavia porcellus] >ref|XP_013008520.1| GTPase KRas isoform X1 [Cavia porcellus] >ref|XP_013849234.1| GTPase KRas isoform X1 [Sus scrofa] >ref|XP_014312991.1| GTPase KRas isoform X1 [Myotis lucifugus] >ref|XP_014399743.1| PREDICTED: GTPase KRas isoform X2 [Myotis brandtii] >ref|XP_014399744.1| PREDICTED: GTPase KRas isoform X2 [Myotis brandtii] >ref|XP_015006625.1| GTPase KRas isoform X1 [Macaca mulatta] >ref|XP_015006626.1| GTPase KRas isoform X1 [Macaca mulatta] >ref|XP_017378508.1| GTPase KRas isoform X1 [Cebus imitator] >ref|XP_017378509.1| GTPase KRas isoform X1 [Cebus imitator] >ref|XP_017720000.1| PREDICTED: GTPase KRas isoform X1 [Rhinopithecus bieti] >ref|XP_017801234.1| GTPase KRas isoform X1 [Papio anubis] >ref|XP_021777812.1| GTPase KRas isoform X1 [Papio anubis] >ref|XP_023064821.1| GTPase KRas isoform X1 [Piliocolobus tephrosceles] >ref|XP_023064822.1| GTPase KRas isoform X1 [Piliocolobus tephrosceles] >ref|XP_023611273.1| GTPase KRas isoform X1 [Myotis lucifugus] >ref|XP_023611274.1| GTPase KRas isoform X1 [Myotis lucifugus] >ref|XP_024113321.2| GTPase KRas isoform X1 [Pongo abelii] >ref|XP_024113322.2| GTPase KRas isoform X1 [Pongo abelii] >ref|XP_025257001.1| GTPase KRas isoform X2 [Theropithecus gelada] >ref|XP_030660363.1| GTPase KRas isoform X1 [Nomascus leucogenys] >ref|XP_030794568.1| GTPase KRas isoform X1 [Rhinopithecus roxellana] >ref|XP_030794569.1| GTPase KRas isoform X1 [Rhinopithecus roxellana] >ref|XP_032015749.1| GTPase KRas isoform X1 [Hylobates moloch] >ref|XP_032143112.1| GTPase KRas isoform X1 [Sapajus apella] >ref|XP_032143122.1| GTPase KRas isoform X1 [Sapajus apella] >ref|XP_032143148.1| GTPase KRas isoform X1 [Sapajus apella] >ref|XP_033078545.1| GTPase KRas isoform X3 [Trachypithecus francoisi] >ref|XP_033078546.1| GTPase KRas isoform X3 [Trachypithecus francoisi] >ref|XP_034792052.1| GTPase KRas isoform X1 [Pan paniscus] >ref|XP_034792055.1| GTPase KRas isoform X1 [Pan paniscus] >ref|XP_035111950.1| GTPase KRas isoform X1 [Callithrix jacchus] >ref|XP_036108910.1| GTPase KRas isoform X1 [Molossus molossus] >ref|XP_036108912.1| GTPase KRas isoform X1 [Molossus molossus] >ref|XP_036152626.1| GTPase KRas isoform X1 [Myotis myotis] >ref|XP_036152628.1| GTPase KRas isoform X1 [Myotis myotis] >ref|XP_036315104.1| GTPase KRas isoform X1 [Pipistrellus kuhlii] >ref|XP_036315105.1| GTPase KRas isoform X1 [Pipistrellus kuhlii] >ref|XP_036315108.1| GTPase KRas isoform X1 [Pipistrellus kuhlii] >ref|XP_037059894.1| GTPase KRas isoform X1 [Peromyscus leucopus] >ref|XP_037059895.1| GTPase KRas isoform X1 [Peromyscus leucopus] >ref|XP_039327841.1| GTPase KRas isoform X1 [Saimiri boliviensis] >ref|XP_039327843.1| GTPase KRas isoform X1 [Saimiri boliviensis] >ref|XP_047643316.1| GTPase KRas isoform X1 [Phacochoerus africanus] >ref|XP_047643317.1| GTPase KRas isoform X1 [Phacochoerus africanus] >ref|XP_047643319.1| GTPase KRas isoform X1 [Phacochoerus africanus] >ref|XP_051011547.1| GTPase KRas isoform X1 [Acomys russatus] >ref|XP_051011548.1| GTPase KRas isoform X1 [Acomys russatus] >ref|XP_052577345.1| GTPase KRas isoform X1 [Peromyscus californicus insignis] >ref|XP_054094245.1| GTPase KRas isoform X1 [Callithrix jacchus] >ref|XP_054094247.1| GTPase KRas isoform X1 [Callithrix jacchus] >ref|XP_054299121.1| GTPase KRas isoform X1 [Pongo pygmaeus] >ref|XP_054299125.1| GTPase KRas isoform X1 [Pongo pygmaeus] >ref|XP_054575190.1| GTPase KRas isoform X1 [Eptesicus fuscus] >ref|XP_054575191.1| GTPase KRas isoform X1 [Eptesicus fuscus] >ref|XP_054575193.1| GTPase KRas isoform X1 [Eptesicus fuscus] >ref|XP_058511703.1| GTPase KRas isoform X1 [Ochotona princeps] >ref|XP_059112331.1| GTPase KRas isoform X1 [Peromyscus eremicus] >ref|XP_059538380.1| GTPase KRas isoform X1 [Myotis daubentonii] >ref|XP_059538381.1| GTPase KRas isoform X1 [Myotis daubentonii] >ref|XP_059538383.1| GTPase KRas isoform X1 [Myotis daubentonii] >ref|XP_059538384.1| GTPase KRas isoform X1 [Myotis daubentonii] >ref|XP_063094478.1| GTPase KRas isoform X1 [Cavia porcellus] >ref|XP_063550181.1| GTPase KRas isoform X3 [Gorilla gorilla gorilla] >ref|XP_063550182.1| GTPase KRas isoform X3 [Gorilla gorilla gorilla] >ref|XP_070266640.1| GTPase KRas isoform X2 [Myotis yumanensis] >ref|XP_070928144.1| GTPase KRas isoform X3 [Macaca nemestrina] >ref|XP_070928145.1| GTPase KRas isoform X3 [Macaca nemestrina] >ref|XP_074259032.1| GTPase KRas isoform X1 [Saimiri boliviensis] >ref|XP_076424408.1| GTPase KRas isoform X1 [Peromyscus maniculatus bairdii] >ref|XP_077808870.1| GTPase KRas isoform X1 [Macaca mulatta] >sp|P01116.1| RecName: Full=GTPase KRas; AltName: Full=K-Ras 2; AltName: Full=Ki-Ras; AltName: Full=c-K-ras; AltName: Full=c-Ki-ras; Contains: RecName: Full=GTPase KRas, N-terminally processed; Flags: Precursor [Homo sapiens] >emb|CAK6443599.1| unnamed protein product [Pipistrellus nathusii] >gb|AAB59445.1| cellular transforming proto-oncogene [Homo sapiens] >gb|ABY87538.1| v-Ki-ras2 Kirsten rat sarcoma viral oncogene homolog [Homo sapiens] >gb|AGC09594.1| v-Ki-ras2 Kirsten rat sarcoma viral oncogene homolog [Homo sapiens] >gb|EAW96511.1| v-Ki-ras2 Kirsten rat sarcoma viral oncogene homolog, isoform CRA_a [Homo sapiens]",189,7.74682e-137,MTEYKLVVVGAGGVGKSALTIQLIQNHFVDEYDPTIEDSYRKQVVIDGETCLLDILDTAGQEEYSAMRDQYMRTGEGFLCVFAINNTKSFEDIHHYREQIKRVKDSEDVPMVLVGNKCDLPSRTVDTKQAQDLARSYGIPFIETSAKTRQRVEDAFYTLVREIRQYRLKKISKEEKTPGCVKIKKCIIM,MTEYKLVVVGAGGVGKSALTIQLIQNHFVDEYDPTIEDSYRKQVVIDGETCLLDILDTAGQEEYSAMRDQYMRTGEGFLCVFAINNTKSFEDIHHYREQIKRVKDSEDVPMVLVGNKCDLPSRTVDTKQAQDLARSYGIPFIETSAKTRQRVEDAFYTLVREIRQYRLKKISKEEKTPGCVKIKKCIIM,MTEYKLVVVGAGGVGKSALTIQLIQNHFVDEYDPTIEDSYRKQVVIDGETCLLDILDTAGQEEYSAMRDQYMRTGEGFLCVFAINNTKSFEDIHHYREQIKRVKDSEDVPMVLVGNKCDLPSRTVDTKQAQDLARSYGIPFIETSAKTRQRVEDAFYTLVREIRQYRLKKISKEEKTPGCVKIKKCIIM
ref|XP_003470499.2| GTPase KRas isoform X3 [Cavia porcellus] >ref|XP_004634619.1| GTPase KRas isoform X3 [Octodon degus] >ref|XP_013849247.1| GTPase KRas isoform X3 [Sus scrofa] >ref|XP_014399745.1| PREDICTED: GTPase KRas isoform X3 [Myotis brandtii] >ref|XP_015863807.3| GTPase KRas isoform X3 [Peromyscus maniculatus bairdii] >ref|XP_021569740.1| GTPase KRas isoform X1 [Carlito syrichta] >ref|XP_023611276.1| GTPase KRas isoform X3 [Myotis lucifugus] >ref|XP_028747629.1| GTPase KRas isoform X3 [Peromyscus leucopus] >ref|XP_036108913.1| GTPase KRas isoform X3 [Molossus molossus] >ref|XP_036152629.1| GTPase KRas isoform X3 [Myotis myotis] >ref|XP_040843364.1| GTPase KRas isoform X2 [Ochotona curzoniae] >ref|XP_047643320.1| GTPase KRas isoform X3 [Phacochoerus africanus] >ref|XP_052577347.1| GTPase KRas isoform X3 [Peromyscus californicus insignis] >ref|XP_059112333.1| GTPase KRas isoform X3 [Peromyscus eremicus] >ref|XP_059538385.1| GTPase KRas isoform X3 [Myotis daubentonii] >ref|XP_070266641.1| GTPase KRas isoform X3 [Myotis yumanensis],227,9.3088e-137,MTEYKLVVVGAGGVGKSALTIQLIQNHFVDEYDPTIEDSYRKQVVIDGETCLLDILDTAGQEEYSAMRDQYMRTGEGFLCVFAINNTKSFEDIHHYREQIKRVKDSEDVPMVLVGNKCDLPSRTVDTKQAQDLARSYGIPFIETSAKTRQRVEDAFYTLVREIRQYRLKKISKEEKTPGCVKIKKCIIM,MTEYKLVVVGAGGVGKSALTIQLIQNHFVDEYDPTIEDSYRKQVVIDGETCLLDILDTAGQEEYSAMRDQYMRTGEGFLCVFAINNTKSFEDIHHYREQIKRVKDSEDVPMVLVGNKCDLPSRTVDTKQAQDLARSYGIPFIETSAKTRQRVEDAFYTLVREIRQYRLKKISKEEKTPGCVKIKKCIIM,MTEYKLVVVGAGGVGKSALTIQLIQNHFVDEYDPTIEDSYRKQVVIDGETCLLDILDTAGQEEYSAMRDQYMRTGEGFLCVFAINNTKSFEDIHHYREQIKRVKDSEDVPMVLVGNKCDLPSRTVDTKQAQDLARSYGIPFIETSAKTRQRVEDAFYTLVREIRQYRLKKISKEEKTPGCVKIKKCIIM
ref|XP_063550180.1| GTPase KRas isoform X1 [Gorilla gorilla gorilla],207,9.92765e-137,MTEYKLVVVGAGGVGKSALTIQLIQNHFVDEYDPTIEDSYRKQVVIDGETCLLDILDTAGQEEYSAMRDQYMRTGEGFLCVFAINNTKSFEDIHHYREQIKRVKDSEDVPMVLVGNKCDLPSRTVDTKQAQDLARSYGIPFIETSAKTRQRVEDAFYTLVREIRQYRLKKISKEEKTPGCVKIKKCIIM,MTEYKLVVVGAGGVGKSALTIQLIQNHFVDEYDPTIEDSYRKQVVIDGETCLLDILDTAGQEEYSAMRDQYMRTGEGFLCVFAINNTKSFEDIHHYREQIKRVKDSEDVPMVLVGNKCDLPSRTVDTKQAQDLARSYGIPFIETSAKTRQRVEDAFYTLVREIRQYRLKKISKEEKTPGCVKIKKCIIM,MTEYKLVVVGAGGVGKSALTIQLIQNHFVDEYDPTIEDSYRKQVVIDGETCLLDILDTAGQEEYSAMRDQYMRTGEGFLCVFAINNTKSFEDIHHYREQIKRVKDSEDVPMVLVGNKCDLPSRTVDTKQAQDLARSYGIPFIETSAKTRQRVEDAFYTLVREIRQYRLKKISKEEKTPGCVKIKKCIIM
"pdb|7VVB|A Chain A, GTPase KRas [Homo sapiens]",190,1.02207e-136,MTEYKLVVVGAGGVGKSALTIQLIQNHFVDEYDPTIEDSYRKQVVIDGETCLLDILDTAGQEEYSAMRDQYMRTGEGFLCVFAINNTKSFEDIHHYREQIKRVKDSEDVPMVLVGNKCDLPSRTVDTKQAQDLARSYGIPFIETSAKTRQRVEDAFYTLVREIRQYRLKKISKEEKTPGCVKIKKCIIM,MTEYKLVVVGAGGVGKSALTIQLIQNHFVDEYDPTIEDSYRKQVVIDGETCLLDILDTAGQEEYSAMRDQYMRTGEGFLCVFAINNTKSFEDIHHYREQIKRVKDSEDVPMVLVGNKCDLPSRTVDTKQAQDLARSYGIPFIETSAKTRQRVEDAFYTLVREIRQYRLKKISKEEKTPGCVKIKKCIIM,MTEYKLVVVGAGGVGKSALTIQLIQNHFVDEYDPTIEDSYRKQVVIDGETCLLDILDTAGQEEYSAMRDQYMRTGEGFLCVFAINNTKSFEDIHHYREQIKRVKDSEDVPMVLVGNKCDLPSRTVDTKQAQDLARSYGIPFIETSAKTRQRVEDAFYTLVREIRQYRLKKISKEEKTPGCVKIKKCIIM
ref|XP_007966155.1| GTPase KRas isoform X3 [Chlorocebus sabaeus] >ref|XP_011802386.1| PREDICTED: GTPase KRas isoform X1 [Colobus angolensis palliatus] >ref|XP_011850190.1| PREDICTED: GTPase KRas [Mandrillus leucophaeus] >ref|XP_011913655.1| PREDICTED: GTPase KRas isoform X3 [Cercocebus atys] >ref|XP_012312590.1| GTPase KRas isoform X3 [Aotus nancymaae] >ref|XP_015006627.1| GTPase KRas isoform X3 [Macaca mulatta] >ref|XP_017378510.1| GTPase KRas isoform X3 [Cebus imitator] >ref|XP_017720002.1| PREDICTED: GTPase KRas isoform X3 [Rhinopithecus bieti] >ref|XP_023064824.1| GTPase KRas isoform X3 [Piliocolobus tephrosceles] >ref|XP_025256999.1| GTPase KRas isoform X1 [Theropithecus gelada] >ref|XP_030794571.1| GTPase KRas isoform X3 [Rhinopithecus roxellana] >ref|XP_031506215.1| GTPase KRas isoform X3 [Papio anubis] >ref|XP_032143152.1| GTPase KRas isoform X3 [Sapajus apella] >ref|XP_033078549.1| GTPase KRas isoform X5 [Trachypithecus francoisi] >ref|XP_035111952.1| GTPase KRas isoform X4 [Callithrix jacchus] >ref|XP_039327844.1| GTPase KRas isoform X3 [Saimiri boliviensis] >ref|XP_047284782.1| GTPase KRas isoform X1 [Homo sapiens] >ref|XP_054227990.1| GTPase KRas isoform X1 [Homo sapiens] >ref|XP_063528598.1| GTPase KRas isoform X3 [Pongo pygmaeus] >ref|XP_063568139.1| GTPase KRas isoform X3 [Pongo abelii] >ref|XP_073862542.1| GTPase KRas isoform X4 [Macaca fascicularis] >gb|KAL4682659.1| hypothetical protein H8957_006605 [Semnopithecus entellus] >gb|KAL4839523.1| hypothetical protein H8958_003405 [Nasalis larvatus],227,1.10948e-136,MTEYKLVVVGAGGVGKSALTIQLIQNHFVDEYDPTIEDSYRKQVVIDGETCLLDILDTAGQEEYSAMRDQYMRTGEGFLCVFAINNTKSFEDIHHYREQIKRVKDSEDVPMVLVGNKCDLPSRTVDTKQAQDLARSYGIPFIETSAKTRQRVEDAFYTLVREIRQYRLKKISKEEKTPGCVKIKKCIIM,MTEYKLVVVGAGGVGKSALTIQLIQNHFVDEYDPTIEDSYRKQVVIDGETCLLDILDTAGQEEYSAMRDQYMRTGEGFLCVFAINNTKSFEDIHHYREQIKRVKDSEDVPMVLVGNKCDLPSRTVDTKQAQDLARSYGIPFIETSAKTRQRVEDAFYTLVREIRQYRLKKISKEEKTPGCVKIKKCIIM,MTEYKLVVVGAGGVGKSALTIQLIQNHFVDEYDPTIEDSYRKQVVIDGETCLLDILDTAGQEEYSAMRDQYMRTGEGFLCVFAINNTKSFEDIHHYREQIKRVKDSEDVPMVLVGNKCDLPSRTVDTKQAQDLARSYGIPFIETSAKTRQRVEDAFYTLVREIRQYRLKKISKEEKTPGCVKIKKCIIM
"ref|XP_010854295.1| PREDICTED: GTPase KRas isoform X1 [Bison bison bison] >ref|XP_010854296.1| PREDICTED: GTPase KRas isoform X1 [Bison bison bison] >ref|XP_012588346.1| PREDICTED: GTPase KRas isoform X2 [Condylura cristata] >ref|XP_014950382.1| GTPase KRas isoform X1 [Ovis aries] >ref|XP_015974713.1| GTPase KRas isoform X1 [Rousettus aegyptiacus] >ref|XP_017903877.1| PREDICTED: GTPase KRas isoform X1 [Capra hircus] >ref|XP_017903878.1| PREDICTED: GTPase KRas isoform X1 [Capra hircus] >ref|XP_019510187.1| PREDICTED: GTPase KRas isoform X1 [Hipposideros armiger] >ref|XP_019510189.1| PREDICTED: GTPase KRas isoform X1 [Hipposideros armiger] >ref|XP_019593306.1| GTPase KRas isoform X1 [Rhinolophus sinicus] >ref|XP_019593314.1| GTPase KRas isoform X1 [Rhinolophus sinicus] >ref|XP_019816991.2| GTPase KRas isoform X1 [Bos indicus] >ref|XP_019816993.2| GTPase KRas isoform X1 [Bos indicus] >ref|XP_019816994.2| GTPase KRas isoform X1 [Bos indicus] >ref|XP_020764407.1| GTPase KRas isoform X1 [Odocoileus virginianus] >ref|XP_020764409.1| GTPase KRas isoform X1 [Odocoileus virginianus] >ref|XP_020764410.1| GTPase KRas isoform X1 [Odocoileus virginianus] >ref|XP_021509781.1| GTPase KRas isoform X2 [Meriones unguiculatus] >ref|XP_023499016.1| GTPase KRas isoform X1 [Equus caballus] >ref|XP_024588797.1| GTPase KRas isoform X1 [Neophocaena asiaeorientalis asiaeorientalis] >ref|XP_024847870.1| GTPase KRas isoform X1 [Bos taurus] >ref|XP_025139184.1| GTPase KRas isoform X1 [Bubalus bubalis] >ref|XP_025139187.1| GTPase KRas isoform X1 [Bubalus bubalis] >ref|XP_026985215.1| GTPase KRas isoform X1 [Sagmatias obliquidens] >ref|XP_026985216.1| GTPase KRas isoform X1 [Sagmatias obliquidens] >ref|XP_027285923.1| GTPase KRas isoform X1 [Cricetulus griseus] >ref|XP_027397361.1| GTPase KRas isoform X1 [Bos indicus x Bos taurus] >ref|XP_027397362.1| GTPase KRas isoform X1 [Bos indicus x Bos taurus] >ref|XP_027397365.1| GTPase KRas isoform X1 [Bos indicus x Bos taurus] >ref|XP_027823605.1| GTPase KRas isoform X1 [Ovis aries] >ref|XP_028387444.1| GTPase KRas isoform X1 [Phyllostomus discolor] >ref|XP_028387449.1| GTPase KRas isoform X1 [Phyllostomus discolor] >ref|XP_029061162.1| GTPase KRas isoform X1 [Monodon monoceros] >ref|XP_029061163.1| GTPase KRas isoform X1 [Monodon monoceros] >ref|XP_029455996.1| GTPase KRas isoform X1 [Rhinatrema bivittatum] >ref|XP_029455997.1| GTPase KRas isoform X1 [Rhinatrema bivittatum] >ref|XP_029455998.1| GTPase KRas isoform X1 [Rhinatrema bivittatum] >ref|XP_032500957.1| GTPase KRas isoform X1 [Phocoena sinus] >ref|XP_032973790.1| GTPase KRas isoform X1 [Rhinolophus ferrumequinum] >ref|XP_032973792.1| GTPase KRas isoform X1 [Rhinolophus ferrumequinum] >ref|XP_033286116.1| GTPase KRas isoform X1 [Orcinus orca] >ref|XP_033286117.1| GTPase KRas isoform X1 [Orcinus orca] >ref|XP_033722881.1| GTPase KRas isoform X1 [Tursiops truncatus] >ref|XP_033722882.1| GTPase KRas isoform X1 [Tursiops truncatus] >ref|XP_035875142.1| GTPase KRas isoform X1 [Phyllostomus discolor] >ref|XP_035875143.1| GTPase KRas isoform X1 [Phyllostomus discolor] >ref|XP_036092744.1| GTPase KRas isoform X1 [Rousettus aegyptiacus] >ref|XP_036721286.1| GTPase KRas isoform X1 [Balaenoptera musculus] >ref|XP_036721287.1| GTPase KRas isoform X1 [Balaenoptera musculus] >ref|XP_036721289.1| GTPase KRas isoform X1 [Balaenoptera musculus] >ref|XP_036889902.1| GTPase KRas isoform X1 [Sturnira hondurensis] >ref|XP_036889903.1| GTPase KRas isoform X1 [Sturnira hondurensis] >ref|XP_036889905.1| GTPase KRas isoform X1 [Sturnira hondurensis] >ref|XP_037000721.1| GTPase KRas isoform X1 [Artibeus jamaicensis] >ref|XP_037000722.1| GTPase KRas isoform X1 [Artibeus jamaicensis] >ref|XP_037000723.1| GTPase KRas isoform X1 [Artibeus jamaicensis] >ref|XP_037000725.1| GTPase KRas isoform X1 [Artibeus jamaicensis] >ref|XP_037701678.1| GTPase KRas isoform X2 [Choloepus didactylus] >ref|XP_040090511.1| GTPase KRas isoform X1 [Oryx dammah] >ref|XP_040090514.1| GTPase KRas isoform X1 [Oryx dammah] >ref|XP_040599529.1| GTPase KRas isoform X1 [Mesocricetus auratus] >ref|XP_043297261.1| GTPase KRas isoform X1 [Cervus canadensis] >ref|XP_043297263.1| GTPase KRas isoform X1 [Cervus canadensis] >ref|XP_043738601.1| GTPase KRas isoform X1 [Cervus elaphus] >ref|XP_043738603.1| GTPase KRas isoform X1 [Cervus elaphus] >ref|XP_044631166.1| GTPase KRas isoform X1 [Equus asinus] >ref|XP_044797193.1| GTPase KRas isoform X1 [Bubalus bubalis] >ref|XP_045144413.1| GTPase KRas isoform X1 [Echinops telfairi] >ref|XP_045144414.1| GTPase KRas isoform X1 [Echinops telfairi] >ref|XP_045685031.1| GTPase KRas isoform X1 [Phyllostomus hastatus] >ref|XP_045685033.1| GTPase KRas isoform X1 [Phyllostomus hastatus] >ref|XP_046516005.1| GTPase KRas isoform X1 [Equus quagga] >ref|XP_046516015.1| GTPase KRas isoform X1 [Equus quagga] >ref|XP_053517962.1| GTPase KRas isoform X1 [Artibeus jamaicensis] >ref|XP_053777688.1| GTPase KRas isoform X1 [Desmodus rotundus] >ref|XP_053777689.1| GTPase KRas isoform X1 [Desmodus rotundus] >ref|XP_054447297.1| GTPase KRas isoform X2 [Pteronotus mesoamericanus] >ref|XP_054941488.1| GTPase KRas isoform X2 [Physeter macrocephalus] >ref|XP_055252542.1| GTPase KRas isoform X1 [Moschus berezovskii] >ref|XP_055252544.1| GTPase KRas isoform X1 [Moschus berezovskii] >ref|XP_055428173.1| GTPase KRas isoform X1 [Bubalus kerabau] >ref|XP_055428181.1| GTPase KRas isoform X1 [Bubalus kerabau] >ref|XP_055428190.1| GTPase KRas isoform X1 [Bubalus kerabau] >ref|XP_055428203.1| GTPase KRas isoform X1 [Bubalus kerabau] >ref|XP_055461546.1| GTPase KRas isoform X1 [Psammomys obesus] >ref|XP_057557774.1| GTPase KRas isoform X1 [Hippopotamus amphibius kiboko] >ref|XP_057557776.1| GTPase KRas isoform X1 [Hippopotamus amphibius kiboko] >ref|XP_057557778.1| GTPase KRas isoform X1 [Hippopotamus amphibius kiboko] >ref|XP_058936112.1| GTPase KRas isoform X3 [Kogia breviceps] >ref|XP_059742648.1| GTPase KRas isoform X1 [Bos taurus] >ref|XP_059791459.1| GTPase KRas isoform X2 [Balaenoptera ricei] >ref|XP_059880440.1| GTPase KRas isoform X1 [Delphinus delphis] >ref|XP_059880442.1| GTPase KRas isoform X1 [Delphinus delphis] >ref|XP_060981133.1| GTPase KRas isoform X1 [Dama dama] >ref|XP_060981134.1| GTPase KRas isoform X1 [Dama dama] >ref|XP_061273589.1| GTPase KRas isoform X1 [Bos javanicus] >ref|XP_061273590.1| GTPase KRas isoform X1 [Bos javanicus] >ref|XP_061273592.1| GTPase KRas isoform X1 [Bos javanicus] >ref|XP_065796232.1| GTPase KRas isoform X1 [Muntiacus reevesi] >ref|XP_065796241.1| GTPase KRas isoform X1 [Muntiacus reevesi] >ref|XP_067552043.1| GTPase KRas isoform X1 [Pseudorca crassidens] >ref|XP_067552046.1| GTPase KRas isoform X1 [Pseudorca crassidens] >ref|XP_068828134.1| GTPase KRas isoform X2 [Capricornis sumatraensis] >ref|XP_068828137.1| GTPase KRas isoform X2 [Capricornis sumatraensis] >ref|XP_069441644.1| GTPase KRas isoform X1 [Ovis canadensis] >ref|XP_069441645.1| GTPase KRas isoform X1 [Ovis canadensis] >ref|XP_069902621.1| GTPase KRas isoform X1 [Globicephala melas] >ref|XP_069902622.1| GTPase KRas isoform X1 [Globicephala melas] >ref|XP_070227311.1| GTPase KRas isoform X1 [Bos mutus] >ref|XP_070227312.1| GTPase KRas isoform X1 [Bos mutus] >ref|XP_070227313.1| GTPase KRas isoform X1 [Bos mutus] >ref|XP_070351065.1| GTPase KRas isoform X1 [Equus asinus] >ref|XP_070475435.1| GTPase KRas isoform X1 [Equus przewalskii] >ref|XP_074182017.1| GTPase KRas isoform X1 [Rhinolophus sinicus] >ref|XP_077026445.1| GTPase KRas isoform X2 [Tamandua tetradactyla] >gb|TEA28243.1| hypothetical protein DBR06_SOUSAS3310022 [Sousa chinensis] >gb|ELR51802.1| GTPase KRas [Bos mutus] >gb|KAF6119364.1| KRAS proto-oncogene, GTPase [Phyllostomus discolor] >gb|KAF6339613.1| KRAS proto-oncogene, GTPase [Rhinolophus ferrumequinum] >gb|KAF6495537.1| KRAS proto-oncogene, GTPase [Rousettus aegyptiacus]",189,1.3558e-136,MTEYKLVVVGAGGVGKSALTIQLIQNHFVDEYDPTIEDSYRKQVVIDGETCLLDILDTAGQEEYSAMRDQYMRTGEGFLCVFAINNTKSFEDIHHYREQIKRVKDSEDVPMVLVGNKCDLPSRTVDTKQAQDLARSYGIPFIETSAKTRQRVEDAFYTLVREIRQYRLKKISKEEKTPGCVKIKKCIIM,MTEYKLVVVGAGGVGKSALTIQLIQNHFVDEYDPTIEDSYRKQVVIDGETCLLDILDTAGQEEYSAMRDQYMRTGEGFLCVFAINNTKSFEDIHHYREQIKRVKDSEDVPMVLVGNKCDLPSRTVDTKQAQDLARSYGIPFIETSAKTRQRVEDAFYTLVREIRQYRLKKISKEEKTPGCVKIKKCI+M,MTEYKLVVVGAGGVGKSALTIQLIQNHFVDEYDPTIEDSYRKQVVIDGETCLLDILDTAGQEEYSAMRDQYMRTGEGFLCVFAINNTKSFEDIHHYREQIKRVKDSEDVPMVLVGNKCDLPSRTVDTKQAQDLARSYGIPFIETSAKTRQRVEDAFYTLVREIRQYRLKKISKEEKTPGCVKIKKCIVM
ref|XP_053777690.1| GTPase KRas isoform X3 [Desmodus rotundus],227,1.44363e-136,MTEYKLVVVGAGGVGKSALTIQLIQNHFVDEYDPTIEDSYRKQVVIDGETCLLDILDTAGQEEYSAMRDQYMRTGEGFLCVFAINNTKSFEDIHHYREQIKRVKDSEDVPMVLVGNKCDLPSRTVDTKQAQDLARSYGIPFIETSAKTRQRVEDAFYTLVREIRQYRLKKISKEEKTPGCVKIKKCIIM,MTEYKLVVVGAGGVGKSALTIQLIQNHFVDEYDPTIEDSYRKQVVIDGETCLLDILDTAGQEEYSAMRDQYMRTGEGFLCVFAINNTKSFEDIHHYREQIKRVKDSEDVPMVLVGNKCDLPSRTVDTKQAQDLARSYGIPFIETSAKTRQRVEDAFYTLVREIRQYRLKKISKEEKTPGCVKIKKCI+M,MTEYKLVVVGAGGVGKSALTIQLIQNHFVDEYDPTIEDSYRKQVVIDGETCLLDILDTAGQEEYSAMRDQYMRTGEGFLCVFAINNTKSFEDIHHYREQIKRVKDSEDVPMVLVGNKCDLPSRTVDTKQAQDLARSYGIPFIETSAKTRQRVEDAFYTLVREIRQYRLKKISKEEKTPGCVKIKKCIVM
ref|XP_024588800.1| GTPase KRas isoform X3 [Neophocaena asiaeorientalis asiaeorientalis] >ref|XP_026985218.1| GTPase KRas isoform X3 [Sagmatias obliquidens] >ref|XP_065742608.1| GTPase KRas isoform X1 [Phocoena phocoena] >ref|XP_067552048.1| GTPase KRas isoform X4 [Pseudorca crassidens],227,1.45956e-136,MTEYKLVVVGAGGVGKSALTIQLIQNHFVDEYDPTIEDSYRKQVVIDGETCLLDILDTAGQEEYSAMRDQYMRTGEGFLCVFAINNTKSFEDIHHYREQIKRVKDSEDVPMVLVGNKCDLPSRTVDTKQAQDLARSYGIPFIETSAKTRQRVEDAFYTLVREIRQYRLKKISKEEKTPGCVKIKKCIIM,MTEYKLVVVGAGGVGKSALTIQLIQNHFVDEYDPTIEDSYRKQVVIDGETCLLDILDTAGQEEYSAMRDQYMRTGEGFLCVFAINNTKSFEDIHHYREQIKRVKDSEDVPMVLVGNKCDLPSRTVDTKQAQDLARSYGIPFIETSAKTRQRVEDAFYTLVREIRQYRLKKISKEEKTPGCVKIKKCI+M,MTEYKLVVVGAGGVGKSALTIQLIQNHFVDEYDPTIEDSYRKQVVIDGETCLLDILDTAGQEEYSAMRDQYMRTGEGFLCVFAINNTKSFEDIHHYREQIKRVKDSEDVPMVLVGNKCDLPSRTVDTKQAQDLARSYGIPFIETSAKTRQRVEDAFYTLVREIRQYRLKKISKEEKTPGCVKIKKCIVM
gb|PNJ03835.1| KRAS isoform 4 [Pongo abelii],189,1.80349e-136,MTEYKLVVVGAGGVGKSALTIQLIQNHFVDEYDPTIEDSYRKQVVIDGETCLLDILDTAGQEEYSAMRDQYMRTGEGFLCVFAINNTKSFEDIHHYREQIKRVKDSEDVPMVLVGNKCDLPSRTVDTKQAQDLARSYGIPFIETSAKTRQRVEDAFYTLVREIRQYRLKKISKEEKTPGCVKIKKCIIM,MTEYKLVVVGAGGVGKSALTIQLIQNHFVDEYDPTIEDSYRKQVVIDGETCLLDILDTAGQEEYSAMRDQYMRTGEGFLCVFAINNTKSFEDIHHYREQIKRVKDSEDVPMVLVGNKCDLPSRTVDTKQAQDLARSYGIPFIETSAKTRQRVEDAFYTLVREIRQYRLKKISKEEKTPGC+KIKKCIIM,MTEYKLVVVGAGGVGKSALTIQLIQNHFVDEYDPTIEDSYRKQVVIDGETCLLDILDTAGQEEYSAMRDQYMRTGEGFLCVFAINNTKSFEDIHHYREQIKRVKDSEDVPMVLVGNKCDLPSRTVDTKQAQDLARSYGIPFIETSAKTRQRVEDAFYTLVREIRQYRLKKISKEEKTPGCMKIKKCIIM
"ref|XP_015353728.1| GTPase KRas isoform X1 [Marmota marmota marmota] >ref|XP_046291745.1| GTPase KRas isoform X1 [Marmota monax] >ref|XP_046291746.1| GTPase KRas isoform X1 [Marmota monax] >ref|XP_046291748.1| GTPase KRas isoform X1 [Marmota monax] >ref|XP_047404318.1| GTPase KRas isoform X1 [Sciurus carolinensis] >ref|XP_047404322.1| GTPase KRas isoform X1 [Sciurus carolinensis] >ref|XP_053575061.1| GTPase KRas isoform X1 [Bombina bombina] >ref|XP_054552336.1| GTPase KRas isoform X2 [Talpa occidentalis] >ref|XP_071466167.1| GTPase KRas isoform X1 [Marmota flaviventris] >ref|XP_071466168.1| GTPase KRas isoform X1 [Marmota flaviventris] >ref|XP_077871187.1| GTPase KRas isoform X1 [Ictidomys tridecemlineatus] >ref|XP_077871189.1| GTPase KRas isoform X1 [Ictidomys tridecemlineatus] >gb|KAG3292262.1| KRAS proto-oncogene, GTPase, transcript variant X2 [Ictidomys tridecemlineatus] >gb|KAI6055988.1| KRAS [Marmota monax] >gb|KAI6069103.1| KRAS [Marmota monax] >emb|VTJ67790.1| Hypothetical predicted protein [Marmota monax]",189,1.80349e-136,MTEYKLVVVGAGGVGKSALTIQLIQNHFVDEYDPTIEDSYRKQVVIDGETCLLDILDTAGQEEYSAMRDQYMRTGEGFLCVFAINNTKSFEDIHHYREQIKRVKDSEDVPMVLVGNKCDLPSRTVDTKQAQDLARSYGIPFIETSAKTRQRVEDAFYTLVREIRQYRLKKISKEEKTPGCVKIKKCIIM,MTEYKLVVVGAGGVGKSALTIQLIQNHFVDEYDPTIEDSYRKQVVIDGETCLLDILDTAGQEEYSAMRDQYMRTGEGFLCVFAINNTKSFEDIHHYREQIKRVKDSEDVPMVLVGNKCDLPSRTVDTKQAQDLARSYGIPFIETSAKTRQRVEDAFYTLVREIRQYRLKKISKEEKTPGCVKIKKCI+M,MTEYKLVVVGAGGVGKSALTIQLIQNHFVDEYDPTIEDSYRKQVVIDGETCLLDILDTAGQEEYSAMRDQYMRTGEGFLCVFAINNTKSFEDIHHYREQIKRVKDSEDVPMVLVGNKCDLPSRTVDTKQAQDLARSYGIPFIETSAKTRQRVEDAFYTLVREIRQYRLKKISKEEKTPGCVKIKKCILM
ref|XP_063550183.1| GTPase KRas isoform X4 [Gorilla gorilla gorilla],245,1.88901e-136,MTEYKLVVVGAGGVGKSALTIQLIQNHFVDEYDPTIEDSYRKQVVIDGETCLLDILDTAGQEEYSAMRDQYMRTGEGFLCVFAINNTKSFEDIHHYREQIKRVKDSEDVPMVLVGNKCDLPSRTVDTKQAQDLARSYGIPFIETSAKTRQRVEDAFYTLVREIRQYRLKKISKEEKTPGCVKIKKCIIM,MTEYKLVVVGAGGVGKSALTIQLIQNHFVDEYDPTIEDSYRKQVVIDGETCLLDILDTAGQEEYSAMRDQYMRTGEGFLCVFAINNTKSFEDIHHYREQIKRVKDSEDVPMVLVGNKCDLPSRTVDTKQAQDLARSYGIPFIETSAKTRQRVEDAFYTLVREIRQYRLKKISKEEKTPGCVKIKKCIIM,MTEYKLVVVGAGGVGKSALTIQLIQNHFVDEYDPTIEDSYRKQVVIDGETCLLDILDTAGQEEYSAMRDQYMRTGEGFLCVFAINNTKSFEDIHHYREQIKRVKDSEDVPMVLVGNKCDLPSRTVDTKQAQDLARSYGIPFIETSAKTRQRVEDAFYTLVREIRQYRLKKISKEEKTPGCVKIKKCIIM
ref|XP_004700038.1| GTPase KRas isoform X3 [Echinops telfairi] >ref|XP_006867015.1| PREDICTED: GTPase KRas isoform X1 [Chrysochloris asiatica] >ref|XP_010854298.1| PREDICTED: GTPase KRas isoform X3 [Bison bison bison] >ref|XP_017903880.1| PREDICTED: GTPase KRas isoform X3 [Capra hircus] >ref|XP_019593330.1| GTPase KRas isoform X3 [Rhinolophus sinicus] >ref|XP_019816996.2| GTPase KRas isoform X3 [Bos indicus] >ref|XP_023499018.1| GTPase KRas isoform X3 [Equus caballus] >ref|XP_024903133.1| GTPase KRas isoform X2 [Pteropus alecto] >ref|XP_027285925.1| GTPase KRas isoform X3 [Cricetulus griseus] >ref|XP_027397367.1| GTPase KRas isoform X3 [Bos indicus x Bos taurus] >ref|XP_032973793.1| GTPase KRas isoform X3 [Rhinolophus ferrumequinum] >ref|XP_037701679.1| GTPase KRas isoform X3 [Choloepus didactylus] >ref|XP_039738416.1| GTPase KRas isoform X2 [Pteropus medius] >ref|XP_040090516.1| GTPase KRas isoform X3 [Oryx dammah] >ref|XP_045685034.1| GTPase KRas isoform X3 [Phyllostomus hastatus] >ref|XP_054447298.1| GTPase KRas isoform X3 [Pteronotus mesoamericanus] >ref|XP_055428212.1| GTPase KRas isoform X3 [Bubalus kerabau] >ref|XP_060981136.1| GTPase KRas isoform X3 [Dama dama] >ref|XP_061273594.1| GTPase KRas isoform X3 [Bos javanicus] >ref|XP_065796257.1| GTPase KRas isoform X3 [Muntiacus reevesi] >ref|XP_068828133.1| GTPase KRas isoform X1 [Capricornis sumatraensis] >ref|XP_069441648.1| GTPase KRas isoform X3 [Ovis canadensis] >ref|XP_070227315.1| GTPase KRas isoform X3 [Bos mutus] >ref|XP_070351068.1| GTPase KRas isoform X3 [Equus asinus] >ref|XP_070475438.1| GTPase KRas isoform X3 [Equus przewalskii],227,1.92009e-136,MTEYKLVVVGAGGVGKSALTIQLIQNHFVDEYDPTIEDSYRKQVVIDGETCLLDILDTAGQEEYSAMRDQYMRTGEGFLCVFAINNTKSFEDIHHYREQIKRVKDSEDVPMVLVGNKCDLPSRTVDTKQAQDLARSYGIPFIETSAKTRQRVEDAFYTLVREIRQYRLKKISKEEKTPGCVKIKKCIIM,MTEYKLVVVGAGGVGKSALTIQLIQNHFVDEYDPTIEDSYRKQVVIDGETCLLDILDTAGQEEYSAMRDQYMRTGEGFLCVFAINNTKSFEDIHHYREQIKRVKDSEDVPMVLVGNKCDLPSRTVDTKQAQDLARSYGIPFIETSAKTRQRVEDAFYTLVREIRQYRLKKISKEEKTPGCVKIKKCI+M,MTEYKLVVVGAGGVGKSALTIQLIQNHFVDEYDPTIEDSYRKQVVIDGETCLLDILDTAGQEEYSAMRDQYMRTGEGFLCVFAINNTKSFEDIHHYREQIKRVKDSEDVPMVLVGNKCDLPSRTVDTKQAQDLARSYGIPFIETSAKTRQRVEDAFYTLVREIRQYRLKKISKEEKTPGCVKIKKCIVM
ref|XP_055461548.1| GTPase KRas isoform X3 [Psammomys obesus],227,2.09621e-136,MTEYKLVVVGAGGVGKSALTIQLIQNHFVDEYDPTIEDSYRKQVVIDGETCLLDILDTAGQEEYSAMRDQYMRTGEGFLCVFAINNTKSFEDIHHYREQIKRVKDSEDVPMVLVGNKCDLPSRTVDTKQAQDLARSYGIPFIETSAKTRQRVEDAFYTLVREIRQYRLKKISKEEKTPGCVKIKKCIIM,MTEYKLVVVGAGGVGKSALTIQLIQNHFVDEYDPTIEDSYRKQVVIDGETCLLDILDTAGQEEYSAMRDQYMRTGEGFLCVFAINNTKSFEDIHHYREQIKRVKDSEDVPMVLVGNKCDLPSRTVDTKQAQDLARSYGIPFIETSAKTRQRVEDAFYTLVREIRQYRLKKISKEEKTPGCVKIKKCI+M,MTEYKLVVVGAGGVGKSALTIQLIQNHFVDEYDPTIEDSYRKQVVIDGETCLLDILDTAGQEEYSAMRDQYMRTGEGFLCVFAINNTKSFEDIHHYREQIKRVKDSEDVPMVLVGNKCDLPSRTVDTKQAQDLARSYGIPFIETSAKTRQRVEDAFYTLVREIRQYRLKKISKEEKTPGCVKIKKCIVM
gb|ERE66116.1| GTPase KRas-like isoform 2 [Cricetulus griseus],201,2.19859e-136,MTEYKLVVVGAGGVGKSALTIQLIQNHFVDEYDPTIEDSYRKQVVIDGETCLLDILDTAGQEEYSAMRDQYMRTGEGFLCVFAINNTKSFEDIHHYREQIKRVKDSEDVPMVLVGNKCDLPSRTVDTKQAQDLARSYGIPFIETSAKTRQRVEDAFYTLVREIRQYRLKKISKEEKTPGCVKIKKCIIM,MTEYKLVVVGAGGVGKSALTIQLIQNHFVDEYDPTIEDSYRKQVVIDGETCLLDILDTAGQEEYSAMRDQYMRTGEGFLCVFAINNTKSFEDIHHYREQIKRVKDSEDVPMVLVGNKCDLPSRTVDTKQAQDLARSYGIPFIETSAKTRQRVEDAFYTLVREIRQYRLKKISKEEKTPGCVKIKKCI+M,MTEYKLVVVGAGGVGKSALTIQLIQNHFVDEYDPTIEDSYRKQVVIDGETCLLDILDTAGQEEYSAMRDQYMRTGEGFLCVFAINNTKSFEDIHHYREQIKRVKDSEDVPMVLVGNKCDLPSRTVDTKQAQDLARSYGIPFIETSAKTRQRVEDAFYTLVREIRQYRLKKISKEEKTPGCVKIKKCIVM
ref|XP_015353730.1| GTPase KRas isoform X3 [Marmota marmota marmota] >ref|XP_071466170.1| GTPase KRas isoform X3 [Marmota flaviventris] >ref|XP_077871190.1| GTPase KRas isoform X3 [Ictidomys tridecemlineatus],227,2.4175e-136,MTEYKLVVVGAGGVGKSALTIQLIQNHFVDEYDPTIEDSYRKQVVIDGETCLLDILDTAGQEEYSAMRDQYMRTGEGFLCVFAINNTKSFEDIHHYREQIKRVKDSEDVPMVLVGNKCDLPSRTVDTKQAQDLARSYGIPFIETSAKTRQRVEDAFYTLVREIRQYRLKKISKEEKTPGCVKIKKCIIM,MTEYKLVVVGAGGVGKSALTIQLIQNHFVDEYDPTIEDSYRKQVVIDGETCLLDILDTAGQEEYSAMRDQYMRTGEGFLCVFAINNTKSFEDIHHYREQIKRVKDSEDVPMVLVGNKCDLPSRTVDTKQAQDLARSYGIPFIETSAKTRQRVEDAFYTLVREIRQYRLKKISKEEKTPGCVKIKKCI+M,MTEYKLVVVGAGGVGKSALTIQLIQNHFVDEYDPTIEDSYRKQVVIDGETCLLDILDTAGQEEYSAMRDQYMRTGEGFLCVFAINNTKSFEDIHHYREQIKRVKDSEDVPMVLVGNKCDLPSRTVDTKQAQDLARSYGIPFIETSAKTRQRVEDAFYTLVREIRQYRLKKISKEEKTPGCVKIKKCILM
ref|XP_074124921.1| GTPase KRas isoform X1 [Sminthopsis crassicaudata],200,2.52859e-136,MTEYKLVVVGAGGVGKSALTIQLIQNHFVDEYDPTIEDSYRKQVVIDGETCLLDILDTAGQEEYSAMRDQYMRTGEGFLCVFAINNTKSFEDIHHYREQIKRVKDSEDVPMVLVGNKCDLPSRTVDTKQAQDLARSYGIPFIETSAKTRQRVEDAFYTLVREIRQYRLKKISKEEKTPGCVKIKKCIIM,MTEYKLVVVGAGGVGKSALTIQLIQNHFVDEYDPTIEDSYRKQVVIDGETCLLDILDTAGQEEYSAMRDQYMRTGEGFLCVFAINNTKSFEDIHHYREQIKRVKDSEDVPMVLVGNKCDLPSRTVDTKQAQDLARSYGIPFIETSAKTRQRVEDAFYTLVREIRQYRLKKI+KEEKTPGCVKIKKCI+M,MTEYKLVVVGAGGVGKSALTIQLIQNHFVDEYDPTIEDSYRKQVVIDGETCLLDILDTAGQEEYSAMRDQYMRTGEGFLCVFAINNTKSFEDIHHYREQIKRVKDSEDVPMVLVGNKCDLPSRTVDTKQAQDLARSYGIPFIETSAKTRQRVEDAFYTLVREIRQYRLKKITKEEKTPGCVKIKKCIVM
ref|XP_069618925.1| GTPase KRas isoform X1 [Ranitomeya imitator] >ref|XP_072000920.1| GTPase KRas isoform X1 [Engystomops pustulosus] >ref|XP_073400119.1| GTPase KRas isoform X1 [Dendrobates tinctorius] >ref|XP_073400120.1| GTPase KRas isoform X1 [Dendrobates tinctorius] >ref|XP_075458983.1| GTPase KRas isoform X2 [Ascaphus truei] >ref|XP_077123299.1| GTPase KRas isoform X1 [Ranitomeya variabilis] >ref|XP_077123301.1| GTPase KRas isoform X1 [Ranitomeya variabilis] >gb|MEE6477450.1| hypothetical protein [Ascaphus truei] >gb|MEE6477451.1| hypothetical protein [Ascaphus truei],189,2.70682e-136,MTEYKLVVVGAGGVGKSALTIQLIQNHFVDEYDPTIEDSYRKQVVIDGETCLLDILDTAGQEEYSAMRDQYMRTGEGFLCVFAINNTKSFEDIHHYREQIKRVKDSEDVPMVLVGNKCDLPSRTVDTKQAQDLARSYGIPFIETSAKTRQRVEDAFYTLVREIRQYRLKKISKEEKTPGCVKIKKCIIM,MTEYKLVVVGAGGVGKSALTIQLIQNHFVDEYDPTIEDSYRKQVVIDGETCLLDILDTAGQEEYSAMRDQYMRTGEGFLCVFAINNTKSFEDIHHYREQIKRVKDSEDVPMVLVGNKCDLPSRTVDTKQAQDLARSYGIPFIETSAKTRQRVEDAFYTLVREIRQYRLKKISKEEKTPGCVKIKKC++M,MTEYKLVVVGAGGVGKSALTIQLIQNHFVDEYDPTIEDSYRKQVVIDGETCLLDILDTAGQEEYSAMRDQYMRTGEGFLCVFAINNTKSFEDIHHYREQIKRVKDSEDVPMVLVGNKCDLPSRTVDTKQAQDLARSYGIPFIETSAKTRQRVEDAFYTLVREIRQYRLKKISKEEKTPGCVKIKKCLVM
ref|XP_073400122.1| GTPase KRas isoform X3 [Dendrobates tinctorius],227,2.94523e-136,MTEYKLVVVGAGGVGKSALTIQLIQNHFVDEYDPTIEDSYRKQVVIDGETCLLDILDTAGQEEYSAMRDQYMRTGEGFLCVFAINNTKSFEDIHHYREQIKRVKDSEDVPMVLVGNKCDLPSRTVDTKQAQDLARSYGIPFIETSAKTRQRVEDAFYTLVREIRQYRLKKISKEEKTPGCVKIKKCIIM,MTEYKLVVVGAGGVGKSALTIQLIQNHFVDEYDPTIEDSYRKQVVIDGETCLLDILDTAGQEEYSAMRDQYMRTGEGFLCVFAINNTKSFEDIHHYREQIKRVKDSEDVPMVLVGNKCDLPSRTVDTKQAQDLARSYGIPFIETSAKTRQRVEDAFYTLVREIRQYRLKKISKEEKTPGCVKIKKC++M,MTEYKLVVVGAGGVGKSALTIQLIQNHFVDEYDPTIEDSYRKQVVIDGETCLLDILDTAGQEEYSAMRDQYMRTGEGFLCVFAINNTKSFEDIHHYREQIKRVKDSEDVPMVLVGNKCDLPSRTVDTKQAQDLARSYGIPFIETSAKTRQRVEDAFYTLVREIRQYRLKKISKEEKTPGCVKIKKCLVM
ref|XP_007503562.1| GTPase KRas isoform X1 [Monodelphis domestica] >ref|XP_007503563.1| GTPase KRas isoform X1 [Monodelphis domestica] >ref|XP_012406311.1| GTPase KRas isoform X1 [Sarcophilus harrisii] >ref|XP_020820734.1| GTPase KRas isoform X1 [Phascolarctos cinereus] >ref|XP_020820737.1| GTPase KRas isoform X1 [Phascolarctos cinereus] >ref|XP_031794332.1| GTPase KRas isoform X1 [Sarcophilus harrisii] >ref|XP_031794334.1| GTPase KRas isoform X1 [Sarcophilus harrisii] >ref|XP_036615112.1| GTPase KRas isoform X2 [Trichosurus vulpecula] >ref|XP_043821984.1| GTPase KRas isoform X3 [Dromiciops gliroides] >ref|XP_044533468.1| GTPase KRas isoform X2 [Gracilinanus agilis] >ref|XP_051857536.1| GTPase KRas isoform X1 [Antechinus flavipes] >ref|XP_066120993.1| GTPase KRas isoform X1 [Saccopteryx bilineata] >ref|XP_066121004.1| GTPase KRas isoform X1 [Saccopteryx bilineata] >ref|XP_066210336.1| GTPase KRas isoform X2 [Saccopteryx leptura] >ref|XP_066210344.1| GTPase KRas isoform X2 [Saccopteryx leptura] >ref|XP_068962376.1| GTPase KRas isoform X2 [Petaurus breviceps papuanus] >ref|XP_068962960.1| GTPase KRas isoform X2 [Petaurus breviceps papuanus] >ref|XP_072509571.1| GTPase KRas isoform X1 [Notamacropus eugenii] >ref|XP_072509575.1| GTPase KRas isoform X1 [Notamacropus eugenii] >ref|XP_074050334.1| GTPase KRas isoform X1 [Macrotis lagotis] >ref|XP_074050336.1| GTPase KRas isoform X1 [Macrotis lagotis] >ref|XP_074124923.1| GTPase KRas isoform X3 [Sminthopsis crassicaudata],189,3.484e-136,MTEYKLVVVGAGGVGKSALTIQLIQNHFVDEYDPTIEDSYRKQVVIDGETCLLDILDTAGQEEYSAMRDQYMRTGEGFLCVFAINNTKSFEDIHHYREQIKRVKDSEDVPMVLVGNKCDLPSRTVDTKQAQDLARSYGIPFIETSAKTRQRVEDAFYTLVREIRQYRLKKISKEEKTPGCVKIKKCIIM,MTEYKLVVVGAGGVGKSALTIQLIQNHFVDEYDPTIEDSYRKQVVIDGETCLLDILDTAGQEEYSAMRDQYMRTGEGFLCVFAINNTKSFEDIHHYREQIKRVKDSEDVPMVLVGNKCDLPSRTVDTKQAQDLARSYGIPFIETSAKTRQRVEDAFYTLVREIRQYRLKKI+KEEKTPGCVKIKKCI+M,MTEYKLVVVGAGGVGKSALTIQLIQNHFVDEYDPTIEDSYRKQVVIDGETCLLDILDTAGQEEYSAMRDQYMRTGEGFLCVFAINNTKSFEDIHHYREQIKRVKDSEDVPMVLVGNKCDLPSRTVDTKQAQDLARSYGIPFIETSAKTRQRVEDAFYTLVREIRQYRLKKITKEEKTPGCVKIKKCIVM
"ref|XP_019307790.1| GTPase KRas isoform X1 [Panthera pardus] >ref|XP_019307792.1| GTPase KRas isoform X1 [Panthera pardus] >ref|XP_025735488.1| GTPase KRas isoform X1 [Callorhinus ursinus] >ref|XP_026358035.1| GTPase KRas isoform X1 [Ursus arctos] >ref|XP_026891564.1| GTPase KRas isoform X1 [Acinonyx jubatus] >ref|XP_027448838.1| GTPase KRas isoform X1 [Zalophus californianus] >ref|XP_027448839.1| GTPase KRas isoform X1 [Zalophus californianus] >ref|XP_027448840.1| GTPase KRas isoform X1 [Zalophus californianus] >ref|XP_027968966.1| GTPase KRas isoform X1 [Eumetopias jubatus] >ref|XP_027968968.1| GTPase KRas isoform X1 [Eumetopias jubatus] >ref|XP_030177818.1| GTPase KRas isoform X1 [Lynx canadensis] >ref|XP_030177820.1| GTPase KRas isoform X1 [Lynx canadensis] >ref|XP_032203529.1| GTPase KRas isoform X1 [Mustela erminea] >ref|XP_032203530.1| GTPase KRas isoform X1 [Mustela erminea] >ref|XP_032711122.1| GTPase KRas isoform X1 [Lontra canadensis] >ref|XP_032711123.1| GTPase KRas isoform X1 [Lontra canadensis] >ref|XP_032711125.1| GTPase KRas isoform X1 [Lontra canadensis] >ref|XP_034502440.1| GTPase KRas isoform X1 [Ailuropoda melanoleuca] >ref|XP_034502442.1| GTPase KRas isoform X1 [Ailuropoda melanoleuca] >ref|XP_034883951.1| GTPase KRas isoform X1 [Mirounga leonina] >ref|XP_038294636.1| GTPase KRas isoform X1 [Canis lupus familiaris] >ref|XP_038315842.1| GTPase KRas isoform X1 [Canis lupus familiaris] >ref|XP_038315843.1| GTPase KRas isoform X1 [Canis lupus familiaris] >ref|XP_038433017.1| GTPase KRas isoform X1 [Canis lupus familiaris] >ref|XP_038433018.1| GTPase KRas isoform X1 [Canis lupus familiaris] >ref|XP_040344578.1| GTPase KRas isoform X1 [Herpailurus yagouaroundi] >ref|XP_040344580.1| GTPase KRas isoform X1 [Herpailurus yagouaroundi] >ref|XP_040498191.1| GTPase KRas isoform X1 [Ursus maritimus] >ref|XP_040498193.1| GTPase KRas isoform X1 [Ursus maritimus] >ref|XP_041591825.1| GTPase KRas isoform X1 [Vulpes lagopus] >ref|XP_041591826.1| GTPase KRas isoform X1 [Vulpes lagopus] >ref|XP_042802021.1| GTPase KRas isoform X2 [Panthera leo] >ref|XP_042802023.1| GTPase KRas isoform X2 [Panthera leo] >ref|XP_042847902.1| GTPase KRas isoform X2 [Panthera tigris] >ref|XP_042847904.1| GTPase KRas isoform X2 [Panthera tigris] >ref|XP_044084895.1| GTPase KRas isoform X2 [Neogale vison] >ref|XP_044084899.1| GTPase KRas isoform X2 [Neogale vison] >ref|XP_044917494.1| GTPase KRas isoform X1 [Felis catus] >ref|XP_044929302.1| GTPase KRas isoform X1 [Mustela putorius furo] >ref|XP_044929303.1| GTPase KRas isoform X1 [Mustela putorius furo] >ref|XP_045667854.1| GTPase KRas isoform X1 [Ursus americanus] >ref|XP_045867256.1| GTPase KRas isoform X1 [Meles meles] >ref|XP_045867257.1| GTPase KRas isoform X1 [Meles meles] >ref|XP_046923383.1| GTPase KRas isoform X2 [Lynx rufus] >ref|XP_046923385.1| GTPase KRas isoform X2 [Lynx rufus] >ref|XP_047595958.1| GTPase KRas isoform X1 [Lutra lutra] >ref|XP_047595959.1| GTPase KRas isoform X1 [Lutra lutra] >ref|XP_048958753.1| GTPase KRas isoform X3 [Canis lupus dingo] >ref|XP_048958754.1| GTPase KRas isoform X3 [Canis lupus dingo] >ref|XP_049481157.1| GTPase KRas isoform X1 [Panthera uncia] >ref|XP_049481158.1| GTPase KRas isoform X1 [Panthera uncia] >ref|XP_049481160.1| GTPase KRas isoform X1 [Panthera uncia] >ref|XP_053081999.1| GTPase KRas isoform X1 [Acinonyx jubatus] >ref|XP_055174580.1| GTPase KRas isoform X1 [Nyctereutes procyonoides] >ref|XP_055174581.1| GTPase KRas isoform X1 [Nyctereutes procyonoides] >ref|XP_055174582.1| GTPase KRas isoform X1 [Nyctereutes procyonoides] >ref|XP_057174799.1| GTPase KRas isoform X1 [Ursus arctos] >ref|XP_058599323.1| GTPase KRas isoform X1 [Neofelis nebulosa] >ref|XP_058599325.1| GTPase KRas isoform X1 [Neofelis nebulosa] >ref|XP_059041775.1| GTPase KRas isoform X1 [Mustela lutreola] >ref|XP_059041777.1| GTPase KRas isoform X1 [Mustela lutreola] >ref|XP_059258760.1| GTPase KRas isoform X1 [Mustela nigripes] >ref|XP_059258763.1| GTPase KRas isoform X1 [Mustela nigripes] >ref|XP_060050523.1| GTPase KRas isoform X1 [Erinaceus europaeus] >ref|XP_060514118.1| GTPase KRas isoform X2 [Panthera onca] >ref|XP_064447561.1| GTPase KRas isoform X1 [Mirounga angustirostris] >ref|XP_064447562.1| GTPase KRas isoform X1 [Mirounga angustirostris] >ref|XP_072654734.1| GTPase KRas isoform X1 [Canis lupus baileyi] >ref|XP_072654735.1| GTPase KRas isoform X1 [Canis lupus baileyi] >ref|XP_072654736.1| GTPase KRas isoform X1 [Canis lupus baileyi] >ref|XP_073733941.1| GTPase KRas isoform X1 [Callorhinus ursinus] >ref|XP_073733942.1| GTPase KRas isoform X1 [Callorhinus ursinus] >ref|XP_077630720.1| GTPase KRas isoform X2 [Crocuta crocuta] >ref|XP_077726833.1| GTPase KRas isoform X1 [Canis aureus] >ref|XP_077726835.1| GTPase KRas isoform X1 [Canis aureus] >ref|XP_077726836.1| GTPase KRas isoform X1 [Canis aureus] >gb|KAI5769382.1| KRAS protein [Gulo gulo luscus] >emb|VFV31857.1| gtpase kras-like isoform 2 [Lynx pardinus] >gb|EFB26490.1| hypothetical protein PANDA_003288, partial [Ailuropoda melanoleuca] >gb|KAI5769515.1| KRAS protein [Gulo gulo luscus] >emb|CAK7299074.1| GTPase KRas [Vulpes lagopus]",189,3.9744e-136,MTEYKLVVVGAGGVGKSALTIQLIQNHFVDEYDPTIEDSYRKQVVIDGETCLLDILDTAGQEEYSAMRDQYMRTGEGFLCVFAINNTKSFEDIHHYREQIKRVKDSEDVPMVLVGNKCDLPSRTVDTKQAQDLARSYGIPFIETSAKTRQRVEDAFYTLVREIRQYRLKKISKEEKTPGCVKIKKCIIM,MTEYKLVVVGAGGVGKSALTIQLIQNHFVDEYDPTIEDSYRKQVVIDGETCLLDILDTAGQEEYSAMRDQYMRTGEGFLCVFAINNTKSFEDIHHYREQIKRVKDSEDVPMVLVGNKCDLPSRTVDTKQAQDLARSYGIPFIETSAKTRQRVEDAFYTLVREIRQYRLKKI+KEEKTPGCVKIKKCI+M,MTEYKLVVVGAGGVGKSALTIQLIQNHFVDEYDPTIEDSYRKQVVIDGETCLLDILDTAGQEEYSAMRDQYMRTGEGFLCVFAINNTKSFEDIHHYREQIKRVKDSEDVPMVLVGNKCDLPSRTVDTKQAQDLARSYGIPFIETSAKTRQRVEDAFYTLVREIRQYRLKKINKEEKTPGCVKIKKCIVM
ref|XP_048958751.1| GTPase KRas isoform X1 [Canis lupus dingo],236,4.06012e-136,MTEYKLVVVGAGGVGKSALTIQLIQNHFVDEYDPTIEDSYRKQVVIDGETCLLDILDTAGQEEYSAMRDQYMRTGEGFLCVFAINNTKSFEDIHHYREQIKRVKDSEDVPMVLVGNKCDLPSRTVDTKQAQDLARSYGIPFIETSAKTRQRVEDAFYTLVREIRQYRLKKISKEEKTPGCVKIKKCIIM,MTEYKLVVVGAGGVGKSALTIQLIQNHFVDEYDPTIEDSYRKQVVIDGETCLLDILDTAGQEEYSAMRDQYMRTGEGFLCVFAINNTKSFEDIHHYREQIKRVKDSEDVPMVLVGNKCDLPSRTVDTKQAQDLARSYGIPFIETSAKTRQRVEDAFYTLVREIRQYRLKKI+KEEKTPGCVKIKKCI+M,MTEYKLVVVGAGGVGKSALTIQLIQNHFVDEYDPTIEDSYRKQVVIDGETCLLDILDTAGQEEYSAMRDQYMRTGEGFLCVFAINNTKSFEDIHHYREQIKRVKDSEDVPMVLVGNKCDLPSRTVDTKQAQDLARSYGIPFIETSAKTRQRVEDAFYTLVREIRQYRLKKINKEEKTPGCVKIKKCIVM
ref|XP_069820065.1| GTPase KRas isoform X1 [Dendropsophus ebraccatus] >ref|XP_069820073.1| GTPase KRas isoform X1 [Dendropsophus ebraccatus] >ref|XP_075131558.1| GTPase KRas isoform X1 [Leptodactylus fuscus] >gb|KAM3925435.1| GTPase KRas isoform 1-T1 [Leptodactylus fuscus],189,4.0626e-136,MTEYKLVVVGAGGVGKSALTIQLIQNHFVDEYDPTIEDSYRKQVVIDGETCLLDILDTAGQEEYSAMRDQYMRTGEGFLCVFAINNTKSFEDIHHYREQIKRVKDSEDVPMVLVGNKCDLPSRTVDTKQAQDLARSYGIPFIETSAKTRQRVEDAFYTLVREIRQYRLKKISKEEKTPGCVKIKKCIIM,MTEYKLVVVGAGGVGKSALTIQLIQNHFVDEYDPTIEDSYRKQVVIDGETCLLDILDTAGQEEYSAMRDQYMRTGEGFLCVFAINNTKSFEDIHHYREQIKRVKDSEDVPMVLVGNKCDLPSRTVDTKQAQDLARSYGIPFIETSAKTRQRVEDAFYTLVREIRQYRLKK+SKEEKTPGCVKIKKC+IM,MTEYKLVVVGAGGVGKSALTIQLIQNHFVDEYDPTIEDSYRKQVVIDGETCLLDILDTAGQEEYSAMRDQYMRTGEGFLCVFAINNTKSFEDIHHYREQIKRVKDSEDVPMVLVGNKCDLPSRTVDTKQAQDLARSYGIPFIETSAKTRQRVEDAFYTLVREIRQYRLKKMSKEEKTPGCVKIKKCLIM
ref|XP_075408092.1| GTPase KRas isoform X1 [Tenrec ecaudatus],189,4.0626e-136,MTEYKLVVVGAGGVGKSALTIQLIQNHFVDEYDPTIEDSYRKQVVIDGETCLLDILDTAGQEEYSAMRDQYMRTGEGFLCVFAINNTKSFEDIHHYREQIKRVKDSEDVPMVLVGNKCDLPSRTVDTKQAQDLARSYGIPFIETSAKTRQRVEDAFYTLVREIRQYRLKKISKEEKTPGCVKIKKCIIM,MTEYKLVVVGAGGVGKSALTIQLIQNHFVDEYDPTIEDSYRKQVVIDGETCLLDILDTAGQEEYSAMRDQYMRTGEGFLCVFAINNTKSFEDIHHYREQIKRVKDSEDVPMVLVGNKCDLPSRTVDTKQAQDLARSYGIPFIETSAKTRQRVEDAFYTLVREIRQYRLKKISKEEKTPGC+KIKKCI+M,MTEYKLVVVGAGGVGKSALTIQLIQNHFVDEYDPTIEDSYRKQVVIDGETCLLDILDTAGQEEYSAMRDQYMRTGEGFLCVFAINNTKSFEDIHHYREQIKRVKDSEDVPMVLVGNKCDLPSRTVDTKQAQDLARSYGIPFIETSAKTRQRVEDAFYTLVREIRQYRLKKISKEEKTPGCMKIKKCIVM
"ref|NP_001390172.1| GTPase KRas isoform 2 [Mus musculus] >ref|XP_017447932.1| GTPase KRas isoform X1 [Rattus norvegicus] >ref|XP_021020441.1| GTPase KRas isoform X1 [Mus caroli] >ref|XP_028613355.1| GTPase KRas isoform X1 [Grammomys surdaster] >ref|XP_029390558.1| GTPase KRas isoform X1 [Mus pahari] >ref|XP_029390559.1| GTPase KRas isoform X1 [Mus pahari] >ref|XP_029390562.1| GTPase KRas isoform X1 [Mus pahari] >ref|XP_029390564.1| GTPase KRas isoform X1 [Mus pahari] >ref|XP_031239730.1| GTPase KRas isoform X1 [Mastomys coucha] >ref|XP_031239731.1| GTPase KRas isoform X1 [Mastomys coucha] >ref|XP_032761287.1| GTPase KRas isoform X1 [Rattus rattus] >ref|XP_032761288.1| GTPase KRas isoform X1 [Rattus rattus] >ref|XP_034367525.1| GTPase KRas isoform X1 [Arvicanthis niloticus] >ref|XP_038962950.1| GTPase KRas isoform X1 [Rattus norvegicus] >ref|XP_052031220.1| GTPase KRas isoform X1 [Apodemus sylvaticus] >sp|P08644.3| RecName: Full=GTPase KRas; AltName: Full=K-Ras 2; AltName: Full=Ki-Ras; AltName: Full=c-K-ras; AltName: Full=c-Ki-ras; Contains: RecName: Full=GTPase KRas, N-terminally processed; Flags: Precursor [Rattus norvegicus] >sp|P32883.1| RecName: Full=GTPase KRas; AltName: Full=K-Ras 2; AltName: Full=Ki-Ras; AltName: Full=c-K-ras; AltName: Full=c-Ki-ras; Contains: RecName: Full=GTPase KRas, N-terminally processed; Flags: Precursor [Mus musculus] >gb|AAI19496.1| Kras protein [Mus musculus]",189,5.00448e-136,MTEYKLVVVGAGGVGKSALTIQLIQNHFVDEYDPTIEDSYRKQVVIDGETCLLDILDTAGQEEYSAMRDQYMRTGEGFLCVFAINNTKSFEDIHHYREQIKRVKDSEDVPMVLVGNKCDLPSRTVDTKQAQDLARSYGIPFIETSAKTRQRVEDAFYTLVREIRQYRLKKISKEEKTPGCVKIKKCIIM,MTEYKLVVVGAGGVGKSALTIQLIQNHFVDEYDPTIEDSYRKQVVIDGETCLLDILDTAGQEEYSAMRDQYMRTGEGFLCVFAINNTKSFEDIHHYREQIKRVKDSEDVPMVLVGNKCDLPSRTVDTKQAQ+LARSYGIPFIETSAKTRQRVEDAFYTLVREIRQYRLKKISKEEKTPGCVKIKKC+IM,MTEYKLVVVGAGGVGKSALTIQLIQNHFVDEYDPTIEDSYRKQVVIDGETCLLDILDTAGQEEYSAMRDQYMRTGEGFLCVFAINNTKSFEDIHHYREQIKRVKDSEDVPMVLVGNKCDLPSRTVDTKQAQELARSYGIPFIETSAKTRQRVEDAFYTLVREIRQYRLKKISKEEKTPGCVKIKKCVIM
ref|XP_019371235.1| PREDICTED: GTPase KRas isoform X1 [Gavialis gangeticus],189,5.28675e-136,MTEYKLVVVGAGGVGKSALTIQLIQNHFVDEYDPTIEDSYRKQVVIDGETCLLDILDTAGQEEYSAMRDQYMRTGEGFLCVFAINNTKSFEDIHHYREQIKRVKDSEDVPMVLVGNKCDLPSRTVDTKQAQDLARSYGIPFIETSAKTRQRVEDAFYTLVREIRQYRLKKISKEEKTPGCVKIKKCIIM,MTEYKLVVVGAGGVGKSALTIQLIQNHFVDEYDPTIEDSYRKQVVIDGETCLLDILDTAGQEEYSAMRDQYMRTGEGFLCVFAINNTKSFEDIHHYREQIKRVKDSEDVPMVLVGNKCDLPSRTVDTKQAQDLARSYGIPFIETSAKTRQRVEDAFYTLVREIRQYR+KKISKEEKTPGCVKIKKC++M,MTEYKLVVVGAGGVGKSALTIQLIQNHFVDEYDPTIEDSYRKQVVIDGETCLLDILDTAGQEEYSAMRDQYMRTGEGFLCVFAINNTKSFEDIHHYREQIKRVKDSEDVPMVLVGNKCDLPSRTVDTKQAQDLARSYGIPFIETSAKTRQRVEDAFYTLVREIRQYRMKKISKEEKTPGCVKIKKCLVM
ref|XP_057283958.1| GTPase KRas isoform X1 [Pezoporus wallicus] >ref|XP_057283968.1| GTPase KRas isoform X1 [Pezoporus wallicus] >ref|XP_057283978.1| GTPase KRas isoform X1 [Pezoporus wallicus] >ref|XP_061328131.1| GTPase KRas isoform X1 [Pezoporus flaviventris] >ref|XP_061328132.1| GTPase KRas isoform X1 [Pezoporus flaviventris] >ref|XP_061328133.1| GTPase KRas isoform X1 [Pezoporus flaviventris] >ref|XP_062490761.1| GTPase KRas isoform X1 [Pezoporus occidentalis] >ref|XP_062490762.1| GTPase KRas isoform X1 [Pezoporus occidentalis] >ref|XP_062490764.1| GTPase KRas isoform X1 [Pezoporus occidentalis],189,5.28675e-136,MTEYKLVVVGAGGVGKSALTIQLIQNHFVDEYDPTIEDSYRKQVVIDGETCLLDILDTAGQEEYSAMRDQYMRTGEGFLCVFAINNTKSFEDIHHYREQIKRVKDSEDVPMVLVGNKCDLPSRTVDTKQAQDLARSYGIPFIETSAKTRQRVEDAFYTLVREIRQYRLKKISKEEKTPGCVKIKKCIIM,MTEYKLVVVGAGGVGKSALTIQLIQNHFVDEYDPTIEDSYRKQVVIDGETCLLDILDTAGQEEYSAMRDQYMRTGEGFLCVFAINNTKSFEDIHHYREQIKRVKDSEDVPMVLVGNKCDLPSRTVDTKQAQDLARSYGIPFIETSAKTRQRVEDAFYTLVREIRQYR+KK+SKEEKTPGCVKIKKC+IM,MTEYKLVVVGAGGVGKSALTIQLIQNHFVDEYDPTIEDSYRKQVVIDGETCLLDILDTAGQEEYSAMRDQYMRTGEGFLCVFAINNTKSFEDIHHYREQIKRVKDSEDVPMVLVGNKCDLPSRTVDTKQAQDLARSYGIPFIETSAKTRQRVEDAFYTLVREIRQYRMKKVSKEEKTPGCVKIKKCLIM
ref|XP_013208244.1| GTPase KRas isoform X2 [Microtus ochrogaster] >ref|XP_038173876.1| GTPase KRas isoform X1 [Arvicola amphibius] >ref|XP_041536170.1| GTPase KRas isoform X1 [Microtus oregoni] >ref|XP_048288602.1| GTPase KRas isoform X1 [Myodes glareolus] >ref|XP_050020689.1| GTPase KRas isoform X1 [Alexandromys fortis] >ref|XP_057622177.1| GTPase KRas isoform X1 [Chionomys nivalis] >ref|XP_075838414.1| GTPase KRas isoform X1 [Microtus pennsylvanicus] >emb|CAO2607165.1| GTPase KRas [Lemmus lemmus],189,5.40407e-136,MTEYKLVVVGAGGVGKSALTIQLIQNHFVDEYDPTIEDSYRKQVVIDGETCLLDILDTAGQEEYSAMRDQYMRTGEGFLCVFAINNTKSFEDIHHYREQIKRVKDSEDVPMVLVGNKCDLPSRTVDTKQAQDLARSYGIPFIETSAKTRQRVEDAFYTLVREIRQYRLKKISKEEKTPGCVKIKKCIIM,MTEYKLVVVGAGGVGKSALTIQLIQNHFVDEYDPTIEDSYRKQVVIDGETCLLDILDTAGQEEYSAMRDQYMRTGEGFLCVFAINNTKSFEDIHHYREQIKRVKDSEDVPMVLVGNKCDLPSRTVDTKQA DLARSYGIPFIETSAKTRQRVEDAFYTLVREIRQYRLKKISKEEKTPGCVKIKKCIIM,MTEYKLVVVGAGGVGKSALTIQLIQNHFVDEYDPTIEDSYRKQVVIDGETCLLDILDTAGQEEYSAMRDQYMRTGEGFLCVFAINNTKSFEDIHHYREQIKRVKDSEDVPMVLVGNKCDLPSRTVDTKQAHDLARSYGIPFIETSAKTRQRVEDAFYTLVREIRQYRLKKISKEEKTPGCVKIKKCIIM
ref|XP_075408094.1| GTPase KRas isoform X3 [Tenrec ecaudatus],227,5.44383e-136,MTEYKLVVVGAGGVGKSALTIQLIQNHFVDEYDPTIEDSYRKQVVIDGETCLLDILDTAGQEEYSAMRDQYMRTGEGFLCVFAINNTKSFEDIHHYREQIKRVKDSEDVPMVLVGNKCDLPSRTVDTKQAQDLARSYGIPFIETSAKTRQRVEDAFYTLVREIRQYRLKKISKEEKTPGCVKIKKCIIM,MTEYKLVVVGAGGVGKSALTIQLIQNHFVDEYDPTIEDSYRKQVVIDGETCLLDILDTAGQEEYSAMRDQYMRTGEGFLCVFAINNTKSFEDIHHYREQIKRVKDSEDVPMVLVGNKCDLPSRTVDTKQAQDLARSYGIPFIETSAKTRQRVEDAFYTLVREIRQYRLKKISKEEKTPGC+KIKKCI+M,MTEYKLVVVGAGGVGKSALTIQLIQNHFVDEYDPTIEDSYRKQVVIDGETCLLDILDTAGQEEYSAMRDQYMRTGEGFLCVFAINNTKSFEDIHHYREQIKRVKDSEDVPMVLVGNKCDLPSRTVDTKQAQDLARSYGIPFIETSAKTRQRVEDAFYTLVREIRQYRLKKISKEEKTPGCMKIKKCIVM
ref|XP_014646866.1| PREDICTED: GTPase KRas isoform X1 [Ceratotherium simum simum] >ref|XP_058414614.1| GTPase KRas isoform X1 [Diceros bicornis minor] >ref|XP_058414615.1| GTPase KRas isoform X1 [Diceros bicornis minor] >ref|XP_058414617.1| GTPase KRas isoform X1 [Diceros bicornis minor],189,5.4637e-136,MTEYKLVVVGAGGVGKSALTIQLIQNHFVDEYDPTIEDSYRKQVVIDGETCLLDILDTAGQEEYSAMRDQYMRTGEGFLCVFAINNTKSFEDIHHYREQIKRVKDSEDVPMVLVGNKCDLPSRTVDTKQAQDLARSYGIPFIETSAKTRQRVEDAFYTLVREIRQYRLKKISKEEKTPGCVKIKKCIIM,MTEYKLVVVGAGGVGKSALTIQLIQNHFVDEYDPTIEDSYRKQVVIDGETCLLDILDTAGQEEYSAMRDQYMRTGEGFLCVFAINNTKSFEDIHHYREQIKRVKDSEDVPMVLVGNKCDLPSRTVDTKQAQDLARSYGIPFIETSAKTRQRVEDAFYTLVREI+QYRLKKISKEEKTPGCVKIKKCI+M,MTEYKLVVVGAGGVGKSALTIQLIQNHFVDEYDPTIEDSYRKQVVIDGETCLLDILDTAGQEEYSAMRDQYMRTGEGFLCVFAINNTKSFEDIHHYREQIKRVKDSEDVPMVLVGNKCDLPSRTVDTKQAQDLARSYGIPFIETSAKTRQRVEDAFYTLVREIQQYRLKKISKEEKTPGCVKIKKCIVM
ref|XP_041910365.1| GTPase KRas isoform X3 [Arvicola amphibius] >ref|XP_048288604.1| GTPase KRas isoform X3 [Myodes glareolus] >ref|XP_057622179.1| GTPase KRas isoform X3 [Chionomys nivalis],227,6.0087e-136,MTEYKLVVVGAGGVGKSALTIQLIQNHFVDEYDPTIEDSYRKQVVIDGETCLLDILDTAGQEEYSAMRDQYMRTGEGFLCVFAINNTKSFEDIHHYREQIKRVKDSEDVPMVLVGNKCDLPSRTVDTKQAQDLARSYGIPFIETSAKTRQRVEDAFYTLVREIRQYRLKKISKEEKTPGCVKIKKCIIM,MTEYKLVVVGAGGVGKSALTIQLIQNHFVDEYDPTIEDSYRKQVVIDGETCLLDILDTAGQEEYSAMRDQYMRTGEGFLCVFAINNTKSFEDIHHYREQIKRVKDSEDVPMVLVGNKCDLPSRTVDTKQA DLARSYGIPFIETSAKTRQRVEDAFYTLVREIRQYRLKKISKEEKTPGCVKIKKCIIM,MTEYKLVVVGAGGVGKSALTIQLIQNHFVDEYDPTIEDSYRKQVVIDGETCLLDILDTAGQEEYSAMRDQYMRTGEGFLCVFAINNTKSFEDIHHYREQIKRVKDSEDVPMVLVGNKCDLPSRTVDTKQAHDLARSYGIPFIETSAKTRQRVEDAFYTLVREIRQYRLKKISKEEKTPGCVKIKKCIIM
gb|KYO36738.1| GTPase KRas [Alligator mississippiensis],219,6.13995e-136,MTEYKLVVVGAGGVGKSALTIQLIQNHFVDEYDPTIEDSYRKQVVIDGETCLLDILDTAGQEEYSAMRDQYMRTGEGFLCVFAINNTKSFEDIHHYREQIKRVKDSEDVPMVLVGNKCDLPSRTVDTKQAQDLARSYGIPFIETSAKTRQRVEDAFYTLVREIRQYRLKKISKEEKTPGCVKIKKCIIM,MTEYKLVVVGAGGVGKSALTIQLIQNHFVDEYDPTIEDSYRKQVVIDGETCLLDILDTAGQEEYSAMRDQYMRTGEGFLCVFAINNTKSFEDIHHYREQIKRVKDSEDVPMVLVGNKCDLPSRTVDTKQAQDLARSYGIPFIETSAKTRQRVEDAFYTLVREIRQYR+KKISKEEKTPGCVKIKKC++M,MTEYKLVVVGAGGVGKSALTIQLIQNHFVDEYDPTIEDSYRKQVVIDGETCLLDILDTAGQEEYSAMRDQYMRTGEGFLCVFAINNTKSFEDIHHYREQIKRVKDSEDVPMVLVGNKCDLPSRTVDTKQAQDLARSYGIPFIETSAKTRQRVEDAFYTLVREIRQYRVKKISKEEKTPGCVKIKKCLVM
ref|XP_016280850.1| GTPase KRas isoform X4 [Monodelphis domestica] >ref|XP_031794336.1| GTPase KRas isoform X3 [Sarcophilus harrisii] >ref|XP_044533466.1| GTPase KRas isoform X1 [Gracilinanus agilis] >ref|XP_051857538.1| GTPase KRas isoform X3 [Antechinus flavipes] >ref|XP_066210350.1| GTPase KRas isoform X3 [Saccopteryx leptura] >ref|XP_068962377.1| GTPase KRas isoform X3 [Petaurus breviceps papuanus] >ref|XP_068962961.1| GTPase KRas isoform X3 [Petaurus breviceps papuanus] >ref|XP_072509576.1| GTPase KRas isoform X3 [Notamacropus eugenii],227,6.14198e-136,MTEYKLVVVGAGGVGKSALTIQLIQNHFVDEYDPTIEDSYRKQVVIDGETCLLDILDTAGQEEYSAMRDQYMRTGEGFLCVFAINNTKSFEDIHHYREQIKRVKDSEDVPMVLVGNKCDLPSRTVDTKQAQDLARSYGIPFIETSAKTRQRVEDAFYTLVREIRQYRLKKISKEEKTPGCVKIKKCIIM,MTEYKLVVVGAGGVGKSALTIQLIQNHFVDEYDPTIEDSYRKQVVIDGETCLLDILDTAGQEEYSAMRDQYMRTGEGFLCVFAINNTKSFEDIHHYREQIKRVKDSEDVPMVLVGNKCDLPSRTVDTKQAQDLARSYGIPFIETSAKTRQRVEDAFYTLVREIRQYRLKKI+KEEKTPGCVKIKKCI+M,MTEYKLVVVGAGGVGKSALTIQLIQNHFVDEYDPTIEDSYRKQVVIDGETCLLDILDTAGQEEYSAMRDQYMRTGEGFLCVFAINNTKSFEDIHHYREQIKRVKDSEDVPMVLVGNKCDLPSRTVDTKQAQDLARSYGIPFIETSAKTRQRVEDAFYTLVREIRQYRLKKITKEEKTPGCVKIKKCIVM
ref|XP_068805885.1| GTPase KRas isoform X1 [Struthio camelus] >ref|XP_068805893.1| GTPase KRas isoform X1 [Struthio camelus],189,6.30152e-136,MTEYKLVVVGAGGVGKSALTIQLIQNHFVDEYDPTIEDSYRKQVVIDGETCLLDILDTAGQEEYSAMRDQYMRTGEGFLCVFAINNTKSFEDIHHYREQIKRVKDSEDVPMVLVGNKCDLPSRTVDTKQAQDLARSYGIPFIETSAKTRQRVEDAFYTLVREIRQYRLKKISKEEKTPGCVKIKKCIIM,MTEYKLVVVGAGGVGKSALTIQLIQNHFVDEYDPTIEDSYRKQVVIDGETCLLDILDTAGQEEYSAMRDQYMRTGEGFLCVFAINNTKSFEDIHHYREQIKRVKDSEDVPMVLVGNKCDLPSRTVDTKQAQDLARSYGIPFIETSAKTRQRVEDAFYTLVREIRQYR+KKISKEEKTPGCVKIKKC+IM,MTEYKLVVVGAGGVGKSALTIQLIQNHFVDEYDPTIEDSYRKQVVIDGETCLLDILDTAGQEEYSAMRDQYMRTGEGFLCVFAINNTKSFEDIHHYREQIKRVKDSEDVPMVLVGNKCDLPSRTVDTKQAQDLARSYGIPFIETSAKTRQRVEDAFYTLVREIRQYRVKKISKEEKTPGCVKIKKCLIM
ref|XP_021045989.1| GTPase KRas isoform X3 [Mus pahari] >ref|XP_028613357.1| GTPase KRas isoform X3 [Grammomys surdaster] >ref|XP_029334016.1| GTPase KRas isoform X3 [Mus caroli],227,6.55983e-136,MTEYKLVVVGAGGVGKSALTIQLIQNHFVDEYDPTIEDSYRKQVVIDGETCLLDILDTAGQEEYSAMRDQYMRTGEGFLCVFAINNTKSFEDIHHYREQIKRVKDSEDVPMVLVGNKCDLPSRTVDTKQAQDLARSYGIPFIETSAKTRQRVEDAFYTLVREIRQYRLKKISKEEKTPGCVKIKKCIIM,MTEYKLVVVGAGGVGKSALTIQLIQNHFVDEYDPTIEDSYRKQVVIDGETCLLDILDTAGQEEYSAMRDQYMRTGEGFLCVFAINNTKSFEDIHHYREQIKRVKDSEDVPMVLVGNKCDLPSRTVDTKQAQ+LARSYGIPFIETSAKTRQRVEDAFYTLVREIRQYRLKKISKEEKTPGCVKIKKC+IM,MTEYKLVVVGAGGVGKSALTIQLIQNHFVDEYDPTIEDSYRKQVVIDGETCLLDILDTAGQEEYSAMRDQYMRTGEGFLCVFAINNTKSFEDIHHYREQIKRVKDSEDVPMVLVGNKCDLPSRTVDTKQAQELARSYGIPFIETSAKTRQRVEDAFYTLVREIRQYRLKKISKEEKTPGCVKIKKCVIM
ref|XP_006506982.1| GTPase KRas isoform X2 [Mus musculus] >ref|XP_052031222.1| GTPase KRas isoform X3 [Apodemus sylvaticus],227,6.63218e-136,MTEYKLVVVGAGGVGKSALTIQLIQNHFVDEYDPTIEDSYRKQVVIDGETCLLDILDTAGQEEYSAMRDQYMRTGEGFLCVFAINNTKSFEDIHHYREQIKRVKDSEDVPMVLVGNKCDLPSRTVDTKQAQDLARSYGIPFIETSAKTRQRVEDAFYTLVREIRQYRLKKISKEEKTPGCVKIKKCIIM,MTEYKLVVVGAGGVGKSALTIQLIQNHFVDEYDPTIEDSYRKQVVIDGETCLLDILDTAGQEEYSAMRDQYMRTGEGFLCVFAINNTKSFEDIHHYREQIKRVKDSEDVPMVLVGNKCDLPSRTVDTKQAQ+LARSYGIPFIETSAKTRQRVEDAFYTLVREIRQYRLKKISKEEKTPGCVKIKKC+IM,MTEYKLVVVGAGGVGKSALTIQLIQNHFVDEYDPTIEDSYRKQVVIDGETCLLDILDTAGQEEYSAMRDQYMRTGEGFLCVFAINNTKSFEDIHHYREQIKRVKDSEDVPMVLVGNKCDLPSRTVDTKQAQELARSYGIPFIETSAKTRQRVEDAFYTLVREIRQYRLKKISKEEKTPGCVKIKKCVIM
ref|XP_075199638.1| GTPase KRas isoform X3 [Anomaloglossus baeobatrachus],227,6.77929e-136,MTEYKLVVVGAGGVGKSALTIQLIQNHFVDEYDPTIEDSYRKQVVIDGETCLLDILDTAGQEEYSAMRDQYMRTGEGFLCVFAINNTKSFEDIHHYREQIKRVKDSEDVPMVLVGNKCDLPSRTVDTKQAQDLARSYGIPFIETSAKTRQRVEDAFYTLVREIRQYRLKKISKEEKTPGCVKIKKCIIM,MTEYKLVVVGAGGVGKSALTIQLIQNHFVDEYDPTIEDSYRKQVVIDGETCLLDILDTAGQEEYSAMRDQYMRTGEGFLCVFAINNTKSFEDIHHYREQIKRVKDSEDVPMVLVGNKCDLPSRTVDTKQAQDLARSYGIPFIETSAKTRQRVEDAFYTLVREIRQYRLKK+SKEEKTPGCVKIKKC++M,MTEYKLVVVGAGGVGKSALTIQLIQNHFVDEYDPTIEDSYRKQVVIDGETCLLDILDTAGQEEYSAMRDQYMRTGEGFLCVFAINNTKSFEDIHHYREQIKRVKDSEDVPMVLVGNKCDLPSRTVDTKQAQDLARSYGIPFIETSAKTRQRVEDAFYTLVREIRQYRLKKMSKEEKTPGCVKIKKCLVM
ref|XP_040293387.1| GTPase KRas isoform X1 [Bufo bufo] >ref|XP_044137249.1| GTPase KRas isoform X1 [Bufo gargarizans] >ref|XP_056373957.1| GTPase KRas isoform X1 [Hyla sarda] >ref|XP_073506615.1| GTPase KRas isoform X1 [Phyllobates terribilis] >ref|XP_073506616.1| GTPase KRas isoform X1 [Phyllobates terribilis] >ref|XP_075066853.1| GTPase KRas isoform X1 [Mixophyes fleayi] >ref|XP_075199636.1| GTPase KRas isoform X1 [Anomaloglossus baeobatrachus] >ref|XP_075711770.1| GTPase KRas isoform X1 [Rhinoderma darwinii] >emb|CAN1974570.1| GTPase KRas [Bufotes viridis] >gb|KAM4038938.1| GTPase KRas isoform 1-T1 [Anomaloglossus baeobatrachus],189,6.87977e-136,MTEYKLVVVGAGGVGKSALTIQLIQNHFVDEYDPTIEDSYRKQVVIDGETCLLDILDTAGQEEYSAMRDQYMRTGEGFLCVFAINNTKSFEDIHHYREQIKRVKDSEDVPMVLVGNKCDLPSRTVDTKQAQDLARSYGIPFIETSAKTRQRVEDAFYTLVREIRQYRLKKISKEEKTPGCVKIKKCIIM,MTEYKLVVVGAGGVGKSALTIQLIQNHFVDEYDPTIEDSYRKQVVIDGETCLLDILDTAGQEEYSAMRDQYMRTGEGFLCVFAINNTKSFEDIHHYREQIKRVKDSEDVPMVLVGNKCDLPSRTVDTKQAQDLARSYGIPFIETSAKTRQRVEDAFYTLVREIRQYRLKK+SKEEKTPGCVKIKKC++M,MTEYKLVVVGAGGVGKSALTIQLIQNHFVDEYDPTIEDSYRKQVVIDGETCLLDILDTAGQEEYSAMRDQYMRTGEGFLCVFAINNTKSFEDIHHYREQIKRVKDSEDVPMVLVGNKCDLPSRTVDTKQAQDLARSYGIPFIETSAKTRQRVEDAFYTLVREIRQYRLKKMSKEEKTPGCVKIKKCLVM
ref|XP_061215892.1| GTPase KRas isoform X1 [Neopsephotus bourkii] >ref|XP_061215901.1| GTPase KRas isoform X1 [Neopsephotus bourkii] >ref|XP_061215911.1| GTPase KRas isoform X1 [Neopsephotus bourkii],189,7.03244e-136,MTEYKLVVVGAGGVGKSALTIQLIQNHFVDEYDPTIEDSYRKQVVIDGETCLLDILDTAGQEEYSAMRDQYMRTGEGFLCVFAINNTKSFEDIHHYREQIKRVKDSEDVPMVLVGNKCDLPSRTVDTKQAQDLARSYGIPFIETSAKTRQRVEDAFYTLVREIRQYRLKKISKEEKTPGCVKIKKCIIM,MTEYKLVVVGAGGVGKSALTIQLIQNHFVDEYDPTIEDSYRKQVVIDGETCLLDILDTAGQEEYSAMRDQYMRTGEGFLCVFAINNTKSFEDIHHYREQIKRVKDSEDVPMVLVGNKCDLPSRTVDTKQAQDLARSYGIPFIETSAKTRQRVEDAFYTLVREIRQYR+KK+SKEEKTPGCVKIKKC+IM,MTEYKLVVVGAGGVGKSALTIQLIQNHFVDEYDPTIEDSYRKQVVIDGETCLLDILDTAGQEEYSAMRDQYMRTGEGFLCVFAINNTKSFEDIHHYREQIKRVKDSEDVPMVLVGNKCDLPSRTVDTKQAQDLARSYGIPFIETSAKTRQRVEDAFYTLVREIRQYRMKKLSKEEKTPGCVKIKKCLIM
ref|XP_075458986.1| GTPase KRas isoform X4 [Ascaphus truei],227,7.48273e-136,MTEYKLVVVGAGGVGKSALTIQLIQNHFVDEYDPTIEDSYRKQVVIDGETCLLDILDTAGQEEYSAMRDQYMRTGEGFLCVFAINNTKSFEDIHHYREQIKRVKDSEDVPMVLVGNKCDLPSRTVDTKQAQDLARSYGIPFIETSAKTRQRVEDAFYTLVREIRQYRLKKISKEEKTPGCVKIKKCIIM,MTEYKLVVVGAGGVGKSALTIQLIQNHFVDEYDPTIEDSYRKQVVIDGETCLLDILDTAGQEEYSAMRDQYMRTGEGFLCVFAINNTKSFEDIHHYREQIKRVKDSEDVPMVLVGNKCDLPSRTVDTKQAQDLARSYGIPFIETSAKTRQRVEDAFYTLVREIRQYRLKKISKEEKTPGCVKIKKC++M,MTEYKLVVVGAGGVGKSALTIQLIQNHFVDEYDPTIEDSYRKQVVIDGETCLLDILDTAGQEEYSAMRDQYMRTGEGFLCVFAINNTKSFEDIHHYREQIKRVKDSEDVPMVLVGNKCDLPSRTVDTKQAQDLARSYGIPFIETSAKTRQRVEDAFYTLVREIRQYRLKKISKEEKTPGCVKIKKCLVM
ref|XP_012595011.1| GTPase KRas isoform X2 [Microcebus murinus] >ref|XP_023370460.1| GTPase KRas isoform X1 [Otolemur garnettii] >ref|XP_053410338.1| GTPase KRas isoform X1 [Nycticebus coucang] >ref|XP_053410341.1| GTPase KRas isoform X1 [Nycticebus coucang] >ref|XP_069347971.1| GTPase KRas isoform X3 [Eulemur rufifrons] >gb|KAL2776732.1| GTPase KRas isoform a [Daubentonia madagascariensis],189,7.59395e-136,MTEYKLVVVGAGGVGKSALTIQLIQNHFVDEYDPTIEDSYRKQVVIDGETCLLDILDTAGQEEYSAMRDQYMRTGEGFLCVFAINNTKSFEDIHHYREQIKRVKDSEDVPMVLVGNKCDLPSRTVDTKQAQDLARSYGIPFIETSAKTRQRVEDAFYTLVREIRQYRLKKISKEEKTPGCVKIKKCIIM,MTEYKLVVVGAGGVGKSALTIQLIQNHFVDEYDPTIEDSYRKQVVIDGETCLLDILDTAGQEEYSAMRDQYMRTGEGFLCVFAINNTKSFEDIHHYREQIKRVKDSEDVPMVLVGNKCDLPSRTVDTKQAQDLARSYGIPFIETSAKTRQRVEDAFYTLVREIRQYRL+KI+KEEKTPGCVKIKKCIIM,MTEYKLVVVGAGGVGKSALTIQLIQNHFVDEYDPTIEDSYRKQVVIDGETCLLDILDTAGQEEYSAMRDQYMRTGEGFLCVFAINNTKSFEDIHHYREQIKRVKDSEDVPMVLVGNKCDLPSRTVDTKQAQDLARSYGIPFIETSAKTRQRVEDAFYTLVREIRQYRLRKINKEEKTPGCVKIKKCIIM
ref|XP_040293403.1| GTPase KRas isoform X3 [Bufo bufo] >ref|XP_073506619.1| GTPase KRas isoform X3 [Phyllobates terribilis],227,7.73307e-136,MTEYKLVVVGAGGVGKSALTIQLIQNHFVDEYDPTIEDSYRKQVVIDGETCLLDILDTAGQEEYSAMRDQYMRTGEGFLCVFAINNTKSFEDIHHYREQIKRVKDSEDVPMVLVGNKCDLPSRTVDTKQAQDLARSYGIPFIETSAKTRQRVEDAFYTLVREIRQYRLKKISKEEKTPGCVKIKKCIIM,MTEYKLVVVGAGGVGKSALTIQLIQNHFVDEYDPTIEDSYRKQVVIDGETCLLDILDTAGQEEYSAMRDQYMRTGEGFLCVFAINNTKSFEDIHHYREQIKRVKDSEDVPMVLVGNKCDLPSRTVDTKQAQDLARSYGIPFIETSAKTRQRVEDAFYTLVREIRQYRLKK+SKEEKTPGCVKIKKC++M,MTEYKLVVVGAGGVGKSALTIQLIQNHFVDEYDPTIEDSYRKQVVIDGETCLLDILDTAGQEEYSAMRDQYMRTGEGFLCVFAINNTKSFEDIHHYREQIKRVKDSEDVPMVLVGNKCDLPSRTVDTKQAQDLARSYGIPFIETSAKTRQRVEDAFYTLVREIRQYRLKKMSKEEKTPGCVKIKKCLVM
ref|XP_075066855.1| GTPase KRas isoform X3 [Mixophyes fleayi],227,8.53548e-136,MTEYKLVVVGAGGVGKSALTIQLIQNHFVDEYDPTIEDSYRKQVVIDGETCLLDILDTAGQEEYSAMRDQYMRTGEGFLCVFAINNTKSFEDIHHYREQIKRVKDSEDVPMVLVGNKCDLPSRTVDTKQAQDLARSYGIPFIETSAKTRQRVEDAFYTLVREIRQYRLKKISKEEKTPGCVKIKKCIIM,MTEYKLVVVGAGGVGKSALTIQLIQNHFVDEYDPTIEDSYRKQVVIDGETCLLDILDTAGQEEYSAMRDQYMRTGEGFLCVFAINNTKSFEDIHHYREQIKRVKDSEDVPMVLVGNKCDLPSRTVDTKQAQDLARSYGIPFIETSAKTRQRVEDAFYTLVREIRQYRLKK+SKEEKTPGCVKIKKC++M,MTEYKLVVVGAGGVGKSALTIQLIQNHFVDEYDPTIEDSYRKQVVIDGETCLLDILDTAGQEEYSAMRDQYMRTGEGFLCVFAINNTKSFEDIHHYREQIKRVKDSEDVPMVLVGNKCDLPSRTVDTKQAQDLARSYGIPFIETSAKTRQRVEDAFYTLVREIRQYRLKKMSKEEKTPGCVKIKKCLVM
ref|XP_012422098.1| PREDICTED: GTPase KRas isoform X1 [Odobenus rosmarus divergens] >ref|XP_019307793.1| GTPase KRas isoform X3 [Panthera pardus] >ref|XP_022378424.1| GTPase KRas isoform X1 [Enhydra lutris kenyoni] >ref|XP_025786801.1| GTPase KRas isoform X1 [Puma concolor] >ref|XP_026891567.1| GTPase KRas isoform X3 [Acinonyx jubatus] >ref|XP_027968969.1| GTPase KRas isoform X3 [Eumetopias jubatus] >ref|XP_029809132.1| GTPase KRas isoform X2 [Suricata suricatta] >ref|XP_030177821.1| GTPase KRas isoform X3 [Lynx canadensis] >ref|XP_032203532.1| GTPase KRas isoform X3 [Mustela erminea] >ref|XP_032711126.1| GTPase KRas isoform X3 [Lontra canadensis] >ref|XP_034502443.1| GTPase KRas isoform X3 [Ailuropoda melanoleuca] >ref|XP_034883953.1| GTPase KRas isoform X3 [Mirounga leonina] >ref|XP_038294638.1| GTPase KRas isoform X3 [Canis lupus familiaris] >ref|XP_038315845.1| GTPase KRas isoform X3 [Canis lupus familiaris] >ref|XP_038433020.1| GTPase KRas isoform X3 [Canis lupus familiaris] >ref|XP_040344582.1| GTPase KRas isoform X3 [Herpailurus yagouaroundi] >ref|XP_040498194.1| GTPase KRas isoform X3 [Ursus maritimus] >ref|XP_041591828.1| GTPase KRas isoform X3 [Vulpes lagopus] >ref|XP_044084900.1| GTPase KRas isoform X4 [Neogale vison] >ref|XP_044771380.1| GTPase KRas isoform X2 [Neomonachus schauinslandi] >ref|XP_044917495.1| GTPase KRas isoform X3 [Felis catus] >ref|XP_045667856.1| GTPase KRas isoform X3 [Ursus americanus] >ref|XP_047595961.1| GTPase KRas isoform X3 [Lutra lutra] >ref|XP_049481161.1| GTPase KRas isoform X3 [Panthera uncia] >ref|XP_055174584.1| GTPase KRas isoform X3 [Nyctereutes procyonoides] >ref|XP_059258764.1| GTPase KRas isoform X3 [Mustela nigripes] >ref|XP_060514119.1| GTPase KRas isoform X3 [Panthera onca] >ref|XP_064447564.1| GTPase KRas isoform X4 [Mirounga angustirostris] >ref|XP_072654739.1| GTPase KRas isoform X3 [Canis lupus baileyi],227,8.82104e-136,MTEYKLVVVGAGGVGKSALTIQLIQNHFVDEYDPTIEDSYRKQVVIDGETCLLDILDTAGQEEYSAMRDQYMRTGEGFLCVFAINNTKSFEDIHHYREQIKRVKDSEDVPMVLVGNKCDLPSRTVDTKQAQDLARSYGIPFIETSAKTRQRVEDAFYTLVREIRQYRLKKISKEEKTPGCVKIKKCIIM,MTEYKLVVVGAGGVGKSALTIQLIQNHFVDEYDPTIEDSYRKQVVIDGETCLLDILDTAGQEEYSAMRDQYMRTGEGFLCVFAINNTKSFEDIHHYREQIKRVKDSEDVPMVLVGNKCDLPSRTVDTKQAQDLARSYGIPFIETSAKTRQRVEDAFYTLVREIRQYRLKKI+KEEKTPGCVKIKKCI+M,MTEYKLVVVGAGGVGKSALTIQLIQNHFVDEYDPTIEDSYRKQVVIDGETCLLDILDTAGQEEYSAMRDQYMRTGEGFLCVFAINNTKSFEDIHHYREQIKRVKDSEDVPMVLVGNKCDLPSRTVDTKQAQDLARSYGIPFIETSAKTRQRVEDAFYTLVREIRQYRLKKINKEEKTPGCVKIKKCIVM
ref|XP_009277301.1| PREDICTED: GTPase KRas isoform X2 [Aptenodytes forsteri] >ref|XP_009331093.1| PREDICTED: GTPase KRas isoform X2 [Pygoscelis adeliae] >ref|XP_009584481.1| PREDICTED: GTPase KRas [Fulmarus glacialis] >ref|XP_010164720.1| GTPase KRas [Antrostomus carolinensis] >ref|XP_010281253.1| PREDICTED: GTPase KRas [Phaethon lepturus] >ref|XP_014744579.1| PREDICTED: GTPase KRas isoform X1 [Sturnus vulgaris] >ref|XP_014744580.1| PREDICTED: GTPase KRas isoform X1 [Sturnus vulgaris] >ref|XP_015483432.1| GTPase KRas isoform X1 [Parus major] >ref|XP_017601261.1| PREDICTED: GTPase KRas isoform X1 [Corvus brachyrhynchos] >ref|XP_018862234.1| GTPase KRas isoform X1 [Parus major] >ref|XP_019345049.1| GTPase KRas isoform X1 [Alligator mississippiensis] >ref|XP_019399940.1| PREDICTED: GTPase KRas isoform X1 [Crocodylus porosus] >ref|XP_023804190.1| GTPase KRas isoform X1 [Cyanistes caeruleus] >ref|XP_025922630.1| GTPase KRas isoform X1 [Apteryx rowi] >ref|XP_025922631.1| GTPase KRas isoform X1 [Apteryx rowi] >ref|XP_025948437.1| GTPase KRas isoform X1 [Dromaius novaehollandiae] >ref|XP_026723711.1| GTPase KRas isoform X2 [Athene cunicularia] >ref|XP_027305805.1| GTPase KRas isoform X1 [Anas platyrhynchos] >ref|XP_027549424.1| GTPase KRas isoform X1 [Neopelma chrysocephalum] >ref|XP_027549425.1| GTPase KRas isoform X1 [Neopelma chrysocephalum] >ref|XP_027760692.1| GTPase KRas isoform X2 [Empidonax traillii] >ref|XP_027760693.1| GTPase KRas isoform X2 [Empidonax traillii] >ref|XP_027760694.1| GTPase KRas isoform X2 [Empidonax traillii] >ref|XP_027760695.1| GTPase KRas isoform X2 [Empidonax traillii] >ref|XP_029896752.1| GTPase KRas isoform X2 [Aquila chrysaetos chrysaetos] >ref|XP_030397064.1| GTPase KRas isoform X3 [Gopherus evgoodei] >ref|XP_030917322.1| GTPase KRas isoform X2 [Geospiza fortis] >ref|XP_031963436.1| GTPase KRas isoform X1 [Corvus moneduloides] >ref|XP_031963437.1| GTPase KRas isoform X1 [Corvus moneduloides] >ref|XP_035166855.1| GTPase KRas isoform X4 [Oxyura jamaicensis] >ref|XP_035744422.1| GTPase KRas isoform X1 [Egretta garzetta] >ref|XP_035744423.1| GTPase KRas isoform X1 [Egretta garzetta] >ref|XP_037771461.1| GTPase KRas isoform X3 [Chelonia mydas] >ref|XP_037771470.1| GTPase KRas isoform X3 [Chelonia mydas] >ref|XP_038009507.1| GTPase KRas isoform X1 [Motacilla alba alba] >ref|XP_038009508.1| GTPase KRas isoform X1 [Motacilla alba alba] >ref|XP_038255682.1| GTPase KRas isoform X1 [Dermochelys coriacea] >ref|XP_038255718.1| GTPase KRas isoform X1 [Dermochelys coriacea] >ref|XP_039398776.1| GTPase KRas isoform X1 [Mauremys reevesii] >ref|XP_039427300.1| GTPase KRas isoform X1 [Corvus cornix cornix] >ref|XP_039427301.1| GTPase KRas isoform X1 [Corvus cornix cornix] >ref|XP_039563812.1| GTPase KRas isoform X2 [Passer montanus] >ref|XP_040401125.1| GTPase KRas isoform X1 [Cygnus olor] >ref|XP_040985595.1| GTPase KRas isoform X2 [Aquila chrysaetos chrysaetos] >ref|XP_041906458.1| GTPase KRas isoform X1 [Corvus kubaryi] >ref|XP_041906459.1| GTPase KRas isoform X1 [Corvus kubaryi] >ref|XP_042704542.1| GTPase KRas isoform X2 [Chrysemys picta bellii] >ref|XP_044849632.1| GTPase KRas isoform X1 [Mauremys mutica] >ref|XP_047908191.1| GTPase KRas isoform X1 [Anser cygnoides] >ref|XP_047908192.1| GTPase KRas isoform X1 [Anser cygnoides] >ref|XP_048157125.1| GTPase KRas isoform X1 [Corvus hawaiiensis] >ref|XP_048157126.1| GTPase KRas isoform X1 [Corvus hawaiiensis] >ref|XP_048682367.1| GTPase KRas isoform X2 [Caretta caretta] >ref|XP_048682375.1| GTPase KRas isoform X2 [Caretta caretta] >ref|XP_050825622.1| GTPase KRas isoform X3 [Gopherus flavomarginatus] >ref|XP_050825845.1| GTPase KRas isoform X1 [Serinus canaria] >ref|XP_051471907.1| GTPase KRas isoform X1 [Apus apus] >ref|XP_051471931.1| GTPase KRas isoform X1 [Apus apus] >ref|XP_052644758.1| GTPase KRas isoform X1 [Harpia harpyja] >ref|XP_052644759.1| GTPase KRas isoform X1 [Harpia harpyja] >ref|XP_052644760.1| GTPase KRas isoform X1 [Harpia harpyja] >ref|XP_052644761.1| GTPase KRas isoform X1 [Harpia harpyja] >ref|XP_053798845.1| GTPase KRas isoform X1 [Vidua chalybeata] >ref|XP_053798846.1| GTPase KRas isoform X1 [Vidua chalybeata] >ref|XP_053833729.1| GTPase KRas isoform X1 [Vidua macroura] >ref|XP_053833730.1| GTPase KRas isoform X1 [Vidua macroura] >ref|XP_053892917.1| GTPase KRas isoform X3 [Malaclemys terrapin pileata] >ref|XP_054068480.1| GTPase KRas isoform X1 [Rissa tridactyla] >ref|XP_054068488.1| GTPase KRas isoform X1 [Rissa tridactyla] >ref|XP_054068497.1| GTPase KRas isoform X1 [Rissa tridactyla] >ref|XP_054068504.1| GTPase KRas isoform X1 [Rissa tridactyla] >ref|XP_054068511.1| GTPase KRas isoform X1 [Rissa tridactyla] >ref|XP_054068517.1| GTPase KRas isoform X1 [Rissa tridactyla] >ref|XP_054658733.1| GTPase KRas isoform X11 [Grus americana] >ref|XP_056338418.1| GTPase KRas isoform X1 [Oenanthe melanoleuca] >ref|XP_056338419.1| GTPase KRas isoform X1 [Oenanthe melanoleuca] >ref|XP_056338420.1| GTPase KRas isoform X1 [Oenanthe melanoleuca] >ref|XP_057226510.1| GTPase KRas isoform X1 [Malurus melanocephalus] >ref|XP_057226511.1| GTPase KRas isoform X1 [Malurus melanocephalus] >ref|XP_057226512.1| GTPase KRas isoform X1 [Malurus melanocephalus] >ref|XP_057226513.1| GTPase KRas isoform X1 [Malurus melanocephalus] >ref|XP_059702009.1| GTPase KRas isoform X1 [Haemorhous mexicanus] >ref|XP_059702010.1| GTPase KRas isoform X1 [Haemorhous mexicanus] >ref|XP_059702011.1| GTPase KRas isoform X1 [Haemorhous mexicanus] >ref|XP_059702012.1| GTPase KRas isoform X1 [Haemorhous mexicanus] >ref|XP_061864805.1| GTPase KRas isoform X1 [Colius striatus] >ref|XP_061864815.1| GTPase KRas isoform X1 [Colius striatus] >ref|XP_061864822.1| GTPase KRas isoform X1 [Colius striatus] >ref|XP_063251586.1| GTPase KRas isoform X1 [Prinia subflava] >ref|XP_063251591.1| GTPase KRas isoform X1 [Prinia subflava] >ref|XP_064276857.1| GTPase KRas isoform X1 [Passer domesticus] >ref|XP_064276858.1| GTPase KRas isoform X1 [Passer domesticus] >ref|XP_064316314.1| GTPase KRas isoform X1 [Phalacrocorax carbo] >ref|XP_064316324.1| GTPase KRas isoform X1 [Phalacrocorax carbo] >ref|XP_064316333.1| GTPase KRas isoform X1 [Phalacrocorax carbo] >ref|XP_064316343.1| GTPase KRas isoform X1 [Phalacrocorax carbo] >ref|XP_065254676.1| GTPase KRas isoform X1 [Emys orbicularis] >ref|XP_066039854.1| GTPase KRas isoform X1 [Chamaea fasciata] >ref|XP_066039855.1| GTPase KRas isoform X1 [Chamaea fasciata] >ref|XP_066039856.1| GTPase KRas isoform X1 [Chamaea fasciata] >ref|XP_066175762.1| GTPase KRas isoform X1 [Sylvia atricapilla] >ref|XP_066175763.1| GTPase KRas isoform X1 [Sylvia atricapilla] >ref|XP_066175764.1| GTPase KRas isoform X1 [Sylvia atricapilla] >ref|XP_067162022.1| GTPase KRas isoform X1 [Apteryx mantelli] >ref|XP_067415360.1| GTPase KRas isoform X1 [Emydura macquarii macquarii] >ref|XP_068046844.1| GTPase KRas isoform X1 [Anomalospiza imberbis] >ref|XP_068046845.1| GTPase KRas isoform X1 [Anomalospiza imberbis] >ref|XP_068046847.1| GTPase KRas isoform X1 [Anomalospiza imberbis] >ref|XP_068511829.1| GTPase KRas isoform X1 [Anas acuta] >ref|XP_068859363.1| GTPase KRas isoform X1 [Aphelocoma coerulescens] >ref|XP_068859364.1| GTPase KRas isoform X1 [Aphelocoma coerulescens] >ref|XP_068859365.1| GTPase KRas isoform X1 [Aphelocoma coerulescens] >ref|XP_069662771.1| GTPase KRas isoform X1 [Haliaeetus albicilla] >ref|XP_069662772.1| GTPase KRas isoform X1 [Haliaeetus albicilla] >ref|XP_069662773.1| GTPase KRas isoform X1 [Haliaeetus albicilla] >ref|XP_069662774.1| GTPase KRas isoform X1 [Haliaeetus albicilla] >ref|XP_069718871.1| GTPase KRas isoform X1 [Phaenicophaeus curvirostris] >ref|XP_072779861.1| GTPase KRas isoform X1 [Taeniopygia guttata] >ref|XP_072779862.1| GTPase KRas isoform X1 [Taeniopygia guttata] >ref|XP_072779863.1| GTPase KRas isoform X1 [Taeniopygia guttata] >ref|XP_073173996.1| GTPase KRas isoform X3 [Lepidochelys kempii] >ref|XP_073174004.1| GTPase KRas isoform X3 [Lepidochelys kempii] >ref|XP_074395264.1| GTPase KRas isoform X1 [Zonotrichia albicollis] >ref|XP_074395265.1| GTPase KRas isoform X1 [Zonotrichia albicollis] >ref|XP_074443341.1| GTPase KRas isoform X1 [Larus michahellis] >ref|XP_074443351.1| GTPase KRas isoform X1 [Larus michahellis] >ref|XP_074682533.1| GTPase KRas isoform X1 [Strix aluco] >ref|XP_074682534.1| GTPase KRas isoform X1 [Strix aluco] >ref|XP_074682535.1| GTPase KRas isoform X1 [Strix aluco] >ref|XP_074682536.1| GTPase KRas isoform X1 [Strix aluco] >ref|XP_074682537.1| GTPase KRas isoform X1 [Strix aluco] >ref|XP_074682538.1| GTPase KRas isoform X1 [Strix aluco] >ref|XP_074727468.1| GTPase KRas isoform X1 [Strix uralensis] >ref|XP_074727469.1| GTPase KRas isoform X1 [Strix uralensis] >ref|XP_074727470.1| GTPase KRas isoform X1 [Strix uralensis] >ref|XP_074727472.1| GTPase KRas isoform X1 [Strix uralensis] >ref|XP_074727473.1| GTPase KRas isoform X1 [Strix uralensis] >ref|XP_074727474.1| GTPase KRas isoform X1 [Strix uralensis] >ref|XP_074793557.1| GTPase KRas isoform X3 [Natator depressus] >ref|XP_074793565.1| GTPase KRas isoform X3 [Natator depressus] >ref|XP_074860648.1| GTPase KRas isoform X1 [Carettochelys insculpta] >ref|XP_074860659.1| GTPase KRas isoform X1 [Carettochelys insculpta] >ref|XP_074860668.1| GTPase KRas isoform X1 [Carettochelys insculpta] >ref|XP_074907579.1| GTPase KRas isoform X2 [Buteo buteo] >ref|XP_074969806.1| GTPase KRas isoform X1 [Phalacrocorax aristotelis] >ref|XP_074969812.1| GTPase KRas isoform X1 [Phalacrocorax aristotelis] >ref|XP_074969821.1| GTPase KRas isoform X1 [Phalacrocorax aristotelis] >ref|XP_074969830.1| GTPase KRas isoform X1 [Phalacrocorax aristotelis] >ref|XP_075017137.1| GTPase KRas isoform X1 [Calonectris borealis] >ref|XP_075017146.1| GTPase KRas isoform X1 [Calonectris borealis] >ref|XP_075017157.1| GTPase KRas isoform X1 [Calonectris borealis] >ref|XP_075754748.1| GTPase KRas isoform X2 [Pelodiscus sinensis] >ref|XP_076199417.1| GTPase KRas isoform X1 [Aptenodytes patagonicus] >ref|XP_076199418.1| GTPase KRas isoform X1 [Aptenodytes patagonicus] >ref|XP_076199419.1| GTPase KRas isoform X1 [Aptenodytes patagonicus] >ref|XP_076199421.1| GTPase KRas isoform X1 [Aptenodytes patagonicus] >ref|XP_076199422.1| GTPase KRas isoform X1 [Aptenodytes patagonicus] >gb|KAF2987013.1| hypothetical protein EK904_006986 [Melospiza melodia maxima] >gb|KFP56115.1| GTPase KRas [Cariama cristata] >gb|NWI40034.1| RASK GTPase [Picathartes gymnocephalus] >gb|NXT14479.1| RASK GTPase [Prunella fulvescens] >gb|NXY61789.1| RASK GTPase [Callaeas wilsoni] >gb|RLW01868.1| hypothetical protein DV515_00007638 [Chloebia gouldiae],189,8.95279e-136,MTEYKLVVVGAGGVGKSALTIQLIQNHFVDEYDPTIEDSYRKQVVIDGETCLLDILDTAGQEEYSAMRDQYMRTGEGFLCVFAINNTKSFEDIHHYREQIKRVKDSEDVPMVLVGNKCDLPSRTVDTKQAQDLARSYGIPFIETSAKTRQRVEDAFYTLVREIRQYRLKKISKEEKTPGCVKIKKCIIM,MTEYKLVVVGAGGVGKSALTIQLIQNHFVDEYDPTIEDSYRKQVVIDGETCLLDILDTAGQEEYSAMRDQYMRTGEGFLCVFAINNTKSFEDIHHYREQIKRVKDSEDVPMVLVGNKCDLPSRTVDTKQAQDLARSYGIPFIETSAKTRQRVEDAFYTLVREIRQYR+KKISKEEKTPGCVKIKKC++M,MTEYKLVVVGAGGVGKSALTIQLIQNHFVDEYDPTIEDSYRKQVVIDGETCLLDILDTAGQEEYSAMRDQYMRTGEGFLCVFAINNTKSFEDIHHYREQIKRVKDSEDVPMVLVGNKCDLPSRTVDTKQAQDLARSYGIPFIETSAKTRQRVEDAFYTLVREIRQYRVKKISKEEKTPGCVKIKKCLVM
ref|XP_023593788.1| GTPase KRas isoform X1 [Trichechus manatus latirostris] >ref|XP_023593790.1| GTPase KRas isoform X1 [Trichechus manatus latirostris] >ref|XP_023593791.1| GTPase KRas isoform X1 [Trichechus manatus latirostris],189,9.66764e-136,MTEYKLVVVGAGGVGKSALTIQLIQNHFVDEYDPTIEDSYRKQVVIDGETCLLDILDTAGQEEYSAMRDQYMRTGEGFLCVFAINNTKSFEDIHHYREQIKRVKDSEDVPMVLVGNKCDLPSRTVDTKQAQDLARSYGIPFIETSAKTRQRVEDAFYTLVREIRQYRLKKISKEEKTPGCVKIKKCIIM,MTEYKLVVVGAGGVGKSALTIQLIQNHFVDEYDPTIEDSYRKQVVIDGETCLLDILDTAGQEEYSAMRDQYMRTGEGFLCVFAINNTKSFEDIHHYREQIKRVKDSEDVPMVLVGNKCDLPSRTVDTKQAQDLARSYGIPFIETSAKTRQRVEDAFYTLVREIRQYRLKKISKEE+TPGCVK+KKCI+M,MTEYKLVVVGAGGVGKSALTIQLIQNHFVDEYDPTIEDSYRKQVVIDGETCLLDILDTAGQEEYSAMRDQYMRTGEGFLCVFAINNTKSFEDIHHYREQIKRVKDSEDVPMVLVGNKCDLPSRTVDTKQAQDLARSYGIPFIETSAKTRQRVEDAFYTLVREIRQYRLKKISKEEETPGCVKVKKCIVM
ref|XP_003792512.1| GTPase KRas isoform X3 [Otolemur garnettii] >ref|XP_012595012.1| GTPase KRas isoform X3 [Microcebus murinus] >ref|XP_053410342.1| GTPase KRas isoform X3 [Nycticebus coucang] >ref|XP_069347970.1| GTPase KRas isoform X2 [Eulemur rufifrons],227,9.9523e-136,MTEYKLVVVGAGGVGKSALTIQLIQNHFVDEYDPTIEDSYRKQVVIDGETCLLDILDTAGQEEYSAMRDQYMRTGEGFLCVFAINNTKSFEDIHHYREQIKRVKDSEDVPMVLVGNKCDLPSRTVDTKQAQDLARSYGIPFIETSAKTRQRVEDAFYTLVREIRQYRLKKISKEEKTPGCVKIKKCIIM,MTEYKLVVVGAGGVGKSALTIQLIQNHFVDEYDPTIEDSYRKQVVIDGETCLLDILDTAGQEEYSAMRDQYMRTGEGFLCVFAINNTKSFEDIHHYREQIKRVKDSEDVPMVLVGNKCDLPSRTVDTKQAQDLARSYGIPFIETSAKTRQRVEDAFYTLVREIRQYRL+KI+KEEKTPGCVKIKKCIIM,MTEYKLVVVGAGGVGKSALTIQLIQNHFVDEYDPTIEDSYRKQVVIDGETCLLDILDTAGQEEYSAMRDQYMRTGEGFLCVFAINNTKSFEDIHHYREQIKRVKDSEDVPMVLVGNKCDLPSRTVDTKQAQDLARSYGIPFIETSAKTRQRVEDAFYTLVREIRQYRLRKINKEEKTPGCVKIKKCIIM
ref|XP_057283997.1| GTPase KRas isoform X3 [Pezoporus wallicus] >ref|XP_061328135.1| GTPase KRas isoform X3 [Pezoporus flaviventris] >ref|XP_062490767.1| GTPase KRas isoform X4 [Pezoporus occidentalis],227,1.03987e-135,MTEYKLVVVGAGGVGKSALTIQLIQNHFVDEYDPTIEDSYRKQVVIDGETCLLDILDTAGQEEYSAMRDQYMRTGEGFLCVFAINNTKSFEDIHHYREQIKRVKDSEDVPMVLVGNKCDLPSRTVDTKQAQDLARSYGIPFIETSAKTRQRVEDAFYTLVREIRQYRLKKISKEEKTPGCVKIKKCIIM,MTEYKLVVVGAGGVGKSALTIQLIQNHFVDEYDPTIEDSYRKQVVIDGETCLLDILDTAGQEEYSAMRDQYMRTGEGFLCVFAINNTKSFEDIHHYREQIKRVKDSEDVPMVLVGNKCDLPSRTVDTKQAQDLARSYGIPFIETSAKTRQRVEDAFYTLVREIRQYR+KK+SKEEKTPGCVKIKKC+IM,MTEYKLVVVGAGGVGKSALTIQLIQNHFVDEYDPTIEDSYRKQVVIDGETCLLDILDTAGQEEYSAMRDQYMRTGEGFLCVFAINNTKSFEDIHHYREQIKRVKDSEDVPMVLVGNKCDLPSRTVDTKQAQDLARSYGIPFIETSAKTRQRVEDAFYTLVREIRQYRMKKVSKEEKTPGCVKIKKCLIM
ref|XP_019371237.1| PREDICTED: GTPase KRas isoform X3 [Gavialis gangeticus],227,1.03987e-135,MTEYKLVVVGAGGVGKSALTIQLIQNHFVDEYDPTIEDSYRKQVVIDGETCLLDILDTAGQEEYSAMRDQYMRTGEGFLCVFAINNTKSFEDIHHYREQIKRVKDSEDVPMVLVGNKCDLPSRTVDTKQAQDLARSYGIPFIETSAKTRQRVEDAFYTLVREIRQYRLKKISKEEKTPGCVKIKKCIIM,MTEYKLVVVGAGGVGKSALTIQLIQNHFVDEYDPTIEDSYRKQVVIDGETCLLDILDTAGQEEYSAMRDQYMRTGEGFLCVFAINNTKSFEDIHHYREQIKRVKDSEDVPMVLVGNKCDLPSRTVDTKQAQDLARSYGIPFIETSAKTRQRVEDAFYTLVREIRQYR+KKISKEEKTPGCVKIKKC++M,MTEYKLVVVGAGGVGKSALTIQLIQNHFVDEYDPTIEDSYRKQVVIDGETCLLDILDTAGQEEYSAMRDQYMRTGEGFLCVFAINNTKSFEDIHHYREQIKRVKDSEDVPMVLVGNKCDLPSRTVDTKQAQDLARSYGIPFIETSAKTRQRVEDAFYTLVREIRQYRMKKISKEEKTPGCVKIKKCLVM
ref|XP_068805938.1| GTPase KRas isoform X4 [Struthio camelus],227,1.03987e-135,MTEYKLVVVGAGGVGKSALTIQLIQNHFVDEYDPTIEDSYRKQVVIDGETCLLDILDTAGQEEYSAMRDQYMRTGEGFLCVFAINNTKSFEDIHHYREQIKRVKDSEDVPMVLVGNKCDLPSRTVDTKQAQDLARSYGIPFIETSAKTRQRVEDAFYTLVREIRQYRLKKISKEEKTPGCVKIKKCIIM,MTEYKLVVVGAGGVGKSALTIQLIQNHFVDEYDPTIEDSYRKQVVIDGETCLLDILDTAGQEEYSAMRDQYMRTGEGFLCVFAINNTKSFEDIHHYREQIKRVKDSEDVPMVLVGNKCDLPSRTVDTKQAQDLARSYGIPFIETSAKTRQRVEDAFYTLVREIRQYR+KKISKEEKTPGCVKIKKC+IM,MTEYKLVVVGAGGVGKSALTIQLIQNHFVDEYDPTIEDSYRKQVVIDGETCLLDILDTAGQEEYSAMRDQYMRTGEGFLCVFAINNTKSFEDIHHYREQIKRVKDSEDVPMVLVGNKCDLPSRTVDTKQAQDLARSYGIPFIETSAKTRQRVEDAFYTLVREIRQYRVKKISKEEKTPGCVKIKKCLIM
ref|XP_073931942.1| GTPase KRas isoform X1 [Castor canadensis] >ref|XP_073931943.1| GTPase KRas isoform X1 [Castor canadensis],189,1.04396e-135,MTEYKLVVVGAGGVGKSALTIQLIQNHFVDEYDPTIEDSYRKQVVIDGETCLLDILDTAGQEEYSAMRDQYMRTGEGFLCVFAINNTKSFEDIHHYREQIKRVKDSEDVPMVLVGNKCDLPSRTVDTKQAQDLARSYGIPFIETSAKTRQRVEDAFYTLVREIRQYRLKKISKEEKTPGCVKIKKCIIM,MTEYKLVVVGAGGVGKSALTIQLIQNHFVDEYDPTIEDSYRKQVVIDGETCLLDILDTAGQEEYSAMRDQYMRTGEGFLCVFAINNTKSFEDIHHYREQIKRVKDSEDVPMVLVGNKCDLPSRTVDTKQAQDLARSYGIPFIETSAKTRQRVEDAFYTLVREIRQYRL K+SKEEKTPGCVKIKKC+IM,MTEYKLVVVGAGGVGKSALTIQLIQNHFVDEYDPTIEDSYRKQVVIDGETCLLDILDTAGQEEYSAMRDQYMRTGEGFLCVFAINNTKSFEDIHHYREQIKRVKDSEDVPMVLVGNKCDLPSRTVDTKQAQDLARSYGIPFIETSAKTRQRVEDAFYTLVREIRQYRLNKVSKEEKTPGCVKIKKCVIM
